weekly_self_study_hours,attendance_percentage,class_participation,study_attendance_interaction,engagement_score,total_score
18.5,95.6,3.8,1768.6,49.699999999999996,97.9
14.0,80.0,2.5,1120.0,41.25,83.9
19.5,86.3,5.3,1682.85,45.8,100.0
25.7,70.2,7.0,1804.14,38.6,100.0
13.4,81.9,6.9,1097.46,44.400000000000006,92.0
13.4,65.1,5.0,872.3399999999999,35.05,97.5
26.1,81.8,5.9,2134.98,43.85,100.0
20.4,100.0,4.0,2039.9999999999998,52.0,96.1
11.7,100.0,8.2,1170.0,54.1,69.8
18.8,67.6,6.0,1270.8799999999999,36.8,80.3
11.8,82.3,4.6,971.14,43.449999999999996,66.4
11.7,75.9,7.6,888.03,41.75,72.5
16.7,77.9,2.5,1300.93,40.2,95.2
1.6,92.1,5.7,147.35999999999999,48.9,60.9
2.9,90.7,5.4,263.03,48.050000000000004,52.1
11.1,87.4,3.9,970.14,45.650000000000006,73.5
7.9,85.9,7.7,678.6100000000001,46.800000000000004,63.0
17.2,74.0,8.1,1272.8,41.05,100.0
8.6,100.0,9.0,860.0,54.5,75.4
5.1,91.4,4.5,466.14,47.95,57.9
25.3,89.3,6.4,2259.29,47.85,100.0
13.4,93.5,9.4,1252.9,51.45,79.0
15.5,100.0,8.5,1550.0,54.25,76.3
5.0,74.2,5.0,371.0,39.6,58.7
11.2,96.1,4.9,1076.32,50.5,68.3
15.8,81.1,5.0,1281.3799999999999,43.05,97.2
6.9,73.6,6.1,507.84,39.849999999999994,68.4
17.6,83.9,8.9,1476.6400000000003,46.400000000000006,100.0
10.8,86.2,3.4,930.96,44.800000000000004,63.6
13.0,75.0,5.7,975.0,40.35,89.2
10.8,76.6,5.0,827.28,40.8,77.4
28.0,89.2,6.5,2497.6,47.85,100.0
14.9,68.4,7.2,1019.1600000000001,37.800000000000004,82.6
7.6,93.0,6.2,706.8,49.6,71.9
20.8,85.2,7.7,1772.16,46.45,97.4
6.5,86.4,8.2,561.6,47.300000000000004,61.6
16.5,86.8,4.6,1432.2,45.699999999999996,99.5
1.3,92.9,8.6,120.77000000000001,50.75,50.1
5.7,93.4,8.3,532.38,50.85,56.7
16.4,76.5,2.6,1254.6,39.55,84.0
20.2,85.6,5.6,1729.12,45.599999999999994,100.0
16.2,84.2,7.0,1364.04,45.6,100.0
14.2,76.5,6.1,1086.3,41.3,63.6
12.9,78.7,3.7,1015.23,41.2,100.0
4.7,100.0,3.3,470.0,51.65,55.9
10.0,83.4,7.3,834.0,45.35,89.6
11.8,89.5,3.3,1056.1000000000001,46.4,78.7
22.4,85.9,5.8,1924.16,45.85,90.3
17.4,79.9,7.6,1390.26,43.75,71.0
2.7,77.5,6.4,209.25,41.95,51.1
17.3,93.8,8.8,1622.74,51.3,82.7
12.3,84.6,6.8,1040.58,45.699999999999996,91.0
10.3,90.3,6.0,930.09,48.15,92.7
19.3,77.7,8.2,1499.6100000000001,42.95,100.0
22.2,80.2,4.1,1780.44,42.15,100.0
21.5,84.1,7.7,1808.1499999999999,45.9,100.0
9.1,81.4,5.4,740.74,43.400000000000006,76.9
12.8,83.7,4.9,1071.3600000000001,44.300000000000004,91.9
17.3,99.0,6.9,1712.7,52.95,89.5
21.8,94.7,6.0,2064.46,50.35,100.0
11.6,80.9,2.7,938.44,41.800000000000004,71.2
13.7,89.6,5.5,1227.5199999999998,47.55,81.9
7.3,68.3,6.9,498.59,37.6,67.1
6.6,85.3,3.4,562.9799999999999,44.35,69.9
20.7,85.8,6.8,1776.06,46.3,96.5
24.5,82.0,8.4,2009.0,45.2,100.0
14.5,73.7,7.1,1068.65,40.4,80.4
22.0,85.0,9.7,1870.0,47.35,92.2
17.5,83.1,8.8,1454.25,45.949999999999996,83.6
10.5,91.8,3.8,963.9,47.8,78.8
17.5,82.9,5.2,1450.75,44.050000000000004,93.2
25.8,82.6,7.0,2131.08,44.8,100.0
14.7,70.6,3.8,1037.82,37.199999999999996,84.5
26.0,88.5,9.0,2301.0,48.75,100.0
0.0,86.4,6.8,0.0,46.6,47.4
20.8,81.6,4.4,1697.28,43.0,97.5
15.6,90.1,7.7,1405.56,48.9,90.8
12.9,80.4,6.0,1037.16,43.2,87.7
15.6,100.0,6.1,1560.0,53.05,91.7
1.1,81.4,4.3,89.54000000000002,42.85,54.6
13.5,69.7,5.5,940.95,37.6,81.0
17.5,64.4,6.4,1127.0,35.400000000000006,79.5
25.3,85.0,4.3,2150.5,44.65,100.0
11.4,83.4,8.3,950.7600000000001,45.85,62.3
9.3,69.7,7.5,648.21,38.6,64.9
11.5,84.1,4.5,967.15,44.3,93.3
21.4,100.0,4.6,2140.0,52.3,100.0
17.3,64.7,8.9,1119.3100000000002,36.800000000000004,98.4
11.3,80.9,4.2,914.1700000000001,42.550000000000004,69.2
18.6,80.6,4.4,1499.16,42.5,93.9
15.7,74.6,3.3,1171.2199999999998,38.949999999999996,100.0
21.8,92.7,7.9,2020.8600000000001,50.300000000000004,100.0
10.1,78.4,4.9,791.84,41.650000000000006,79.7
12.7,95.9,6.3,1217.93,51.1,86.6
12.3,70.9,8.5,872.0700000000002,39.7,72.0
4.8,79.9,4.2,383.52000000000004,42.050000000000004,73.6
17.1,76.7,7.6,1311.5700000000002,42.15,67.3
16.8,95.7,5.3,1607.7600000000002,50.5,73.1
15.0,80.7,6.0,1210.5,43.35,100.0
13.4,91.1,6.0,1220.74,48.55,63.9
5.1,62.6,8.3,319.26,35.45,72.9
12.1,94.3,2.2,1141.03,48.25,73.4
12.6,73.3,4.5,923.5799999999999,38.9,68.1
9.4,72.5,5.4,681.5,38.95,86.1
13.9,91.9,9.5,1277.41,50.7,83.0
17.8,74.7,4.6,1329.66,39.65,77.7
28.2,97.9,6.3,2760.78,52.1,100.0
16.2,100.0,5.0,1620.0,52.5,93.6
16.8,81.5,4.9,1369.2,43.2,100.0
14.5,82.3,3.9,1193.35,43.1,100.0
1.6,97.0,5.3,155.20000000000002,51.15,43.5
14.8,75.1,5.5,1111.48,40.3,93.8
15.4,96.3,5.7,1483.02,51.0,78.9
32.2,84.4,4.9,2717.6800000000003,44.650000000000006,100.0
13.7,93.3,5.3,1278.2099999999998,49.3,84.2
17.1,77.8,9.3,1330.38,43.55,100.0
14.8,97.8,5.0,1447.44,51.4,100.0
6.8,70.7,6.4,480.76,38.550000000000004,73.2
23.0,99.6,7.8,2290.7999999999997,53.699999999999996,100.0
20.3,96.1,7.7,1950.83,51.9,95.4
20.5,79.3,8.2,1625.6499999999999,43.75,92.1
8.6,88.4,6.7,760.24,47.550000000000004,76.7
24.8,80.0,6.6,1984.0,43.3,100.0
5.2,87.7,6.9,456.04,47.300000000000004,74.1
19.1,79.9,3.6,1526.0900000000001,41.75,74.2
30.3,75.7,1.1,2293.71,38.4,100.0
8.1,88.9,4.5,720.09,46.7,74.0
11.0,87.0,5.5,957.0,46.25,72.6
15.7,84.9,6.5,1332.93,45.7,74.8
11.5,83.8,3.1,963.6999999999999,43.449999999999996,54.7
4.1,92.4,2.5,378.84,47.45,50.6
15.5,80.1,6.5,1241.55,43.3,86.8
7.6,77.9,4.6,592.04,41.25,92.6
18.3,97.3,7.5,1780.59,52.4,97.3
8.6,80.4,6.1,691.44,43.25,70.6
25.8,77.7,6.9,2004.66,42.300000000000004,100.0
9.5,79.3,3.6,753.35,41.449999999999996,81.9
12.7,78.3,10.0,994.4099999999999,44.15,78.7
20.7,100.0,6.1,2070.0,53.05,100.0
6.4,84.1,4.8,538.24,44.449999999999996,54.8
16.6,70.8,7.0,1175.28,38.9,95.0
24.1,86.1,4.2,2075.0099999999998,45.15,100.0
3.7,71.7,1.2,265.29,36.45,58.2
16.3,100.0,5.7,1630.0,52.85,87.9
16.8,100.0,7.8,1680.0,53.9,86.2
20.5,94.3,9.7,1933.1499999999999,52.0,86.1
6.3,89.3,5.6,562.5899999999999,47.449999999999996,58.9
5.8,69.8,9.7,404.84,39.75,62.3
18.7,92.8,10.0,1735.36,51.4,100.0
17.1,82.5,5.8,1410.7500000000002,44.15,83.5
16.8,74.8,6.2,1256.64,40.5,90.2
17.4,70.0,8.4,1218.0,39.2,94.4
10.2,88.5,7.7,902.6999999999999,48.1,85.4
16.6,81.2,4.8,1347.92,43.0,100.0
17.1,76.4,3.3,1306.4400000000003,39.85,100.0
10.0,90.3,5.5,903.0,47.9,92.4
28.1,100.0,5.5,2810.0,52.75,100.0
18.3,97.0,6.1,1775.1000000000001,51.55,79.6
6.7,89.3,4.4,598.31,46.85,54.8
19.6,78.5,10.0,1538.6000000000001,44.25,93.2
8.2,93.6,6.8,767.5199999999999,50.199999999999996,72.0
20.5,96.7,5.5,1982.3500000000001,51.1,95.8
23.1,93.9,2.1,2169.09,48.0,100.0
9.3,97.0,4.9,902.1,50.95,75.8
21.7,74.0,4.6,1605.8,39.3,97.4
17.9,78.1,6.8,1397.9899999999998,42.449999999999996,100.0
20.8,77.4,3.9,1609.92,40.650000000000006,100.0
28.3,87.7,3.9,2481.9100000000003,45.800000000000004,100.0
13.3,83.4,7.8,1109.22,45.6,72.2
9.7,80.5,9.9,780.8499999999999,45.2,72.9
8.8,95.0,7.2,836.0000000000001,51.1,63.2
9.3,88.5,8.7,823.0500000000001,48.6,66.2
14.5,79.3,8.1,1149.85,43.699999999999996,75.6
17.4,93.7,6.9,1630.3799999999999,50.300000000000004,100.0
16.9,84.0,4.5,1419.6,44.25,75.5
20.8,82.0,7.2,1705.6000000000001,44.6,89.5
15.1,63.3,4.8,955.8299999999999,34.05,89.2
25.2,88.0,6.0,2217.6,47.0,100.0
13.1,79.1,4.8,1036.2099999999998,41.949999999999996,92.9
34.0,100.0,0.6,3400.0,50.3,100.0
19.4,94.8,7.4,1839.12,51.1,100.0
9.0,97.2,4.7,874.8000000000001,50.95,84.7
7.5,85.6,8.2,642.0,46.9,80.1
18.4,100.0,9.4,1839.9999999999998,54.7,100.0
13.4,100.0,6.4,1340.0,53.2,75.9
20.0,84.5,3.8,1690.0,44.15,100.0
18.3,89.6,6.7,1639.68,48.15,96.5
14.5,81.9,1.8,1187.5500000000002,41.85,97.2
9.1,85.6,5.6,778.9599999999999,45.599999999999994,58.2
4.4,86.9,6.1,382.36000000000007,46.5,52.2
11.9,92.4,9.6,1099.5600000000002,51.0,70.1
21.0,79.3,6.2,1665.3,42.75,100.0
16.5,100.0,6.9,1650.0,53.45,89.0
6.3,75.7,4.1,476.91,39.9,44.1
16.2,81.8,4.7,1325.1599999999999,43.25,80.5
17.7,89.0,4.9,1575.3,46.95,92.5
8.8,93.2,4.6,820.1600000000001,48.9,65.4
16.1,82.7,6.2,1331.4700000000003,44.45,93.9
15.4,68.2,9.3,1050.28,38.75,99.8
7.0,78.7,5.2,550.9,41.95,53.2
17.5,96.8,8.7,1694.0,52.75,85.9
18.9,82.4,5.8,1557.36,44.1,100.0
22.6,80.2,5.0,1812.5200000000002,42.6,100.0
22.4,77.5,5.1,1736.0,41.3,99.4
5.4,78.4,6.4,423.36000000000007,42.400000000000006,63.0
8.4,87.1,8.2,731.64,47.65,70.2
18.6,98.2,1.0,1826.5200000000002,49.6,90.5
18.6,93.9,2.5,1746.5400000000002,48.2,83.7
18.6,89.0,2.7,1655.4,45.85,98.1
40.0,68.1,6.7,2724.0,37.4,100.0
19.0,88.0,7.3,1672.0,47.65,95.5
22.9,79.5,5.2,1820.55,42.35,100.0
21.7,98.3,7.1,2133.1099999999997,52.699999999999996,100.0
19.6,82.6,8.7,1618.96,45.65,90.2
12.8,89.1,2.9,1140.48,46.0,87.9
20.3,81.4,7.1,1652.42,44.25,100.0
9.6,82.6,6.0,792.9599999999999,44.3,83.0
13.3,80.9,4.6,1075.97,42.75,97.4
11.6,71.3,1.9,827.0799999999999,36.6,70.6
15.6,85.3,7.6,1330.6799999999998,46.449999999999996,83.7
31.2,95.1,2.1,2967.12,48.599999999999994,100.0
1.9,78.8,10.0,149.72,44.4,46.4
19.8,83.0,4.6,1643.4,43.8,100.0
3.7,100.0,5.0,370.0,52.5,63.1
11.7,90.1,9.4,1054.1699999999998,49.75,87.4
22.6,73.5,4.8,1661.1000000000001,39.15,100.0
15.4,97.2,8.9,1496.88,53.050000000000004,65.7
7.5,76.3,6.5,572.25,41.4,54.2
10.0,65.7,10.0,657.0,37.85,69.5
19.8,84.4,7.6,1671.1200000000001,46.0,100.0
9.9,94.1,4.5,931.59,49.3,79.0
16.5,99.4,6.7,1640.1000000000001,53.050000000000004,100.0
15.3,76.5,6.7,1170.45,41.6,81.5
10.4,95.9,6.3,997.3600000000001,51.1,85.8
30.0,81.2,8.1,2436.0,44.65,100.0
19.4,83.3,1.8,1616.0199999999998,42.55,100.0
0.8,91.0,4.2,72.8,47.6,53.0
16.3,70.2,7.5,1144.26,38.85,96.0
10.4,85.9,4.1,893.3600000000001,45.0,81.2
21.0,96.9,8.9,2034.9,52.900000000000006,100.0
9.5,81.8,4.9,777.1,43.35,55.0
14.2,87.3,7.1,1239.6599999999999,47.199999999999996,81.5
18.5,86.9,4.7,1607.65,45.800000000000004,72.7
21.1,88.6,8.5,1869.46,48.55,100.0
6.6,96.5,6.5,636.9,51.5,55.6
12.7,77.4,10.0,982.98,43.7,91.1
11.7,89.4,3.1,1045.98,46.25,80.0
10.4,79.9,1.6,830.96,40.75,71.4
27.4,97.6,6.7,2674.24,52.15,100.0
17.8,78.1,8.5,1390.18,43.3,89.5
6.2,83.9,3.5,520.1800000000001,43.7,74.7
21.4,88.4,6.7,1891.76,47.550000000000004,100.0
29.9,90.6,4.3,2708.9399999999996,47.449999999999996,100.0
22.2,90.5,6.7,2009.1,48.6,94.1
4.4,83.1,6.5,365.64,44.8,38.9
11.6,81.8,6.0,948.8799999999999,43.9,69.5
23.9,68.3,7.0,1632.37,37.65,100.0
10.0,85.0,4.7,850.0,44.85,60.4
18.1,74.1,3.5,1341.21,38.8,98.1
20.4,85.1,2.2,1736.0399999999997,43.65,100.0
8.5,78.2,7.0,664.7,42.6,77.7
14.6,66.7,1.1,973.82,33.9,81.2
0.0,100.0,6.6,0.0,53.3,57.8
7.8,76.7,5.5,598.26,41.1,63.8
13.2,74.0,4.4,976.8,39.2,69.4
6.3,89.9,8.8,566.37,49.35,68.7
26.4,74.0,9.4,1953.6,41.7,100.0
5.0,83.2,5.5,416.0,44.35,57.2
11.9,75.7,3.4,900.83,39.550000000000004,69.3
15.9,79.9,1.7,1270.41,40.800000000000004,83.5
25.1,83.8,5.4,2103.38,44.6,100.0
4.9,91.8,6.2,449.82,49.0,69.7
23.1,96.6,8.9,2231.46,52.75,100.0
15.1,72.9,2.0,1100.79,37.45,90.1
8.1,81.6,3.9,660.9599999999999,42.75,78.1
18.2,72.6,7.1,1321.32,39.849999999999994,100.0
16.4,82.9,5.9,1359.56,44.400000000000006,76.2
10.8,77.5,8.7,837.0,43.1,69.6
15.5,74.9,6.2,1160.95,40.550000000000004,77.6
12.3,74.2,6.9,912.6600000000001,40.550000000000004,82.4
15.8,74.8,8.9,1181.84,41.85,89.1
19.6,88.3,6.5,1730.68,47.4,100.0
26.1,100.0,3.9,2610.0,51.95,100.0
6.3,76.6,4.1,482.5799999999999,40.349999999999994,43.9
29.9,81.2,5.6,2427.88,43.4,100.0
1.3,82.9,5.5,107.77000000000001,44.2,54.5
13.9,88.5,8.0,1230.15,48.25,62.1
19.1,80.3,4.9,1533.73,42.6,100.0
17.0,92.4,5.7,1570.8000000000002,49.050000000000004,85.6
10.6,83.8,4.4,888.28,44.1,80.8
13.5,92.2,7.4,1244.7,49.800000000000004,92.4
11.5,89.6,6.3,1030.3999999999999,47.949999999999996,71.6
10.9,88.2,5.2,961.3800000000001,46.7,74.5
20.9,76.2,8.1,1592.58,42.15,87.5
17.5,92.0,7.0,1610.0,49.5,89.9
10.1,90.0,3.0,909.0,46.5,80.4
21.3,100.0,6.9,2130.0,53.45,94.9
17.2,77.6,6.7,1334.7199999999998,42.15,92.6
20.7,84.6,10.0,1751.2199999999998,47.3,95.8
19.4,93.6,6.2,1815.8399999999997,49.9,100.0
9.2,89.2,3.9,820.64,46.550000000000004,62.9
11.1,90.4,5.9,1003.44,48.150000000000006,81.1
20.2,70.6,4.7,1426.12,37.65,100.0
19.3,91.1,5.8,1758.23,48.449999999999996,100.0
14.9,97.7,6.0,1455.73,51.85,87.6
15.8,73.4,8.9,1159.7200000000003,41.150000000000006,88.1
23.9,86.1,4.9,2057.79,45.5,100.0
10.9,80.5,5.7,877.45,43.1,77.1
18.8,87.2,4.2,1639.3600000000001,45.7,80.0
13.6,97.7,3.5,1328.72,50.6,100.0
13.5,73.9,8.6,997.6500000000001,41.25,90.6
22.7,85.4,9.2,1938.5800000000002,47.300000000000004,95.9
20.8,84.2,7.3,1751.3600000000001,45.75,99.6
20.7,88.8,3.8,1838.1599999999999,46.3,100.0
24.1,80.4,4.9,1937.6400000000003,42.650000000000006,100.0
15.1,100.0,1.8,1510.0,50.9,82.2
19.8,73.4,2.8,1453.3200000000002,38.1,100.0
12.8,97.7,8.1,1250.5600000000002,52.9,79.8
17.3,85.2,6.6,1473.96,45.9,94.6
14.1,73.8,5.2,1040.58,39.5,84.1
15.7,85.1,7.4,1336.07,46.25,85.3
19.2,74.7,6.4,1434.24,40.550000000000004,87.2
9.3,70.9,6.1,659.3700000000001,38.5,80.3
29.6,100.0,6.1,2960.0,53.05,100.0
8.0,90.2,4.8,721.6,47.5,71.6
6.5,86.0,8.6,559.0,47.3,75.5
23.1,81.6,3.7,1884.96,42.65,98.6
20.5,93.7,8.2,1920.8500000000001,50.95,100.0
19.4,87.7,5.8,1701.3799999999999,46.75,100.0
19.4,80.3,5.4,1557.82,42.85,97.9
14.9,100.0,10.0,1490.0,55.0,90.5
8.7,87.3,4.5,759.5099999999999,45.9,41.3
15.5,75.8,7.2,1174.8999999999999,41.5,93.3
10.3,78.2,10.0,805.46,44.1,81.3
21.8,88.8,7.0,1935.84,47.9,100.0
14.0,98.7,6.6,1381.8,52.65,97.8
9.2,88.3,8.0,812.3599999999999,48.15,56.7
12.8,94.1,7.1,1204.48,50.599999999999994,81.2
17.9,78.4,5.8,1403.36,42.1,99.9
11.1,88.1,7.4,977.9099999999999,47.75,94.6
9.2,83.7,2.4,770.04,43.050000000000004,72.9
16.7,74.9,5.1,1250.8300000000002,40.0,80.6
16.7,94.9,10.0,1584.83,52.45,97.0
11.5,78.1,5.8,898.15,41.949999999999996,89.4
11.7,97.9,8.2,1145.43,53.050000000000004,79.7
16.6,100.0,4.3,1660.0000000000002,52.15,100.0
4.9,91.0,6.0,445.90000000000003,48.5,59.0
5.1,79.5,7.9,405.45,43.7,56.9
10.0,72.0,6.4,720.0,39.2,79.9
13.5,80.0,4.4,1080.0,42.2,91.5
17.2,85.4,4.9,1468.88,45.150000000000006,100.0
25.3,85.3,7.6,2158.09,46.449999999999996,100.0
21.0,73.6,6.7,1545.6,40.15,87.3
13.9,65.4,3.9,909.0600000000001,34.650000000000006,87.4
14.9,87.1,6.9,1297.79,47.0,88.3
8.0,94.8,6.2,758.4,50.5,68.8
14.9,90.4,7.2,1346.96,48.800000000000004,94.7
13.0,92.5,7.8,1202.5,50.15,76.4
17.3,90.4,6.4,1563.92,48.400000000000006,100.0
9.2,82.3,6.9,757.16,44.6,72.1
18.6,100.0,4.6,1860.0000000000002,52.3,83.7
25.7,65.4,6.7,1680.7800000000002,36.050000000000004,100.0
14.2,88.1,6.0,1251.0199999999998,47.05,85.1
17.8,82.1,3.7,1461.3799999999999,42.9,89.5
19.8,80.0,1.9,1584.0,40.95,95.4
12.2,97.8,3.5,1193.1599999999999,50.65,82.5
16.6,89.5,7.2,1485.7,48.35,77.5
15.1,99.6,5.6,1503.9599999999998,52.599999999999994,89.9
15.7,91.3,3.1,1433.4099999999999,47.199999999999996,93.3
9.6,94.4,7.5,906.24,50.95,80.0
15.2,88.4,5.7,1343.68,47.050000000000004,96.4
18.5,97.3,6.4,1800.05,51.85,95.0
25.2,100.0,6.9,2520.0,53.45,100.0
21.7,97.8,1.2,2122.2599999999998,49.5,100.0
30.1,99.7,6.6,3000.9700000000003,53.15,100.0
9.6,89.8,3.2,862.0799999999999,46.5,82.4
21.1,80.3,7.5,1694.3300000000002,43.9,92.2
16.3,94.9,6.0,1546.8700000000001,50.45,100.0
30.3,64.4,4.1,1951.3200000000002,34.25,100.0
9.3,81.7,3.8,759.8100000000001,42.75,60.4
9.1,68.2,2.6,620.62,35.4,76.5
10.8,87.0,6.3,939.6,46.65,88.7
0.1,100.0,9.0,10.0,54.5,33.8
11.3,76.4,6.7,863.3200000000002,41.550000000000004,67.3
9.7,96.9,10.0,939.93,53.45,87.6
16.1,76.0,9.5,1223.6000000000001,42.75,92.1
17.4,76.8,6.7,1336.32,41.75,85.4
28.1,77.2,7.5,2169.32,42.35,100.0
21.7,85.5,5.8,1855.35,45.65,100.0
11.0,70.7,5.4,777.7,38.050000000000004,97.6
8.7,84.9,4.2,738.63,44.550000000000004,54.1
18.4,92.8,4.6,1707.5199999999998,48.699999999999996,85.8
5.8,88.0,4.8,510.4,46.4,63.1
27.8,80.3,9.5,2232.34,44.9,100.0
23.3,90.6,6.3,2110.98,48.449999999999996,100.0
11.7,92.7,7.5,1084.59,50.1,89.6
3.0,86.6,6.5,259.79999999999995,46.55,58.6
24.5,85.5,8.1,2094.75,46.8,100.0
14.2,100.0,7.2,1420.0,53.6,81.5
23.7,87.9,6.6,2083.23,47.25,100.0
3.8,85.8,4.7,326.03999999999996,45.25,67.2
10.8,88.7,4.5,957.9600000000002,46.6,67.8
15.0,91.7,4.4,1375.5,48.050000000000004,87.4
15.3,82.9,9.9,1268.3700000000001,46.400000000000006,90.2
11.8,73.2,2.7,863.7600000000001,37.95,64.9
19.4,67.1,6.5,1301.7399999999998,36.8,88.6
7.5,87.5,7.6,656.25,47.55,81.3
14.0,76.5,5.4,1071.0,40.95,88.5
15.8,90.0,4.9,1422.0,47.45,85.6
18.6,87.8,4.1,1633.0800000000002,45.949999999999996,91.5
20.0,83.3,6.5,1666.0,44.9,100.0
7.1,83.1,8.3,590.0099999999999,45.699999999999996,66.4
4.3,77.5,5.9,333.25,41.7,54.3
23.9,70.1,7.7,1675.3899999999999,38.9,100.0
17.3,91.6,5.5,1584.68,48.55,89.6
9.8,94.2,5.6,923.1600000000001,49.9,89.2
25.9,79.2,5.7,2051.2799999999997,42.45,100.0
15.8,90.1,5.7,1423.58,47.9,96.3
23.3,66.9,4.6,1558.7700000000002,35.75,100.0
15.5,98.2,4.7,1522.1000000000001,51.45,90.5
29.4,91.3,7.9,2684.22,49.6,100.0
27.3,83.0,5.4,2265.9,44.2,100.0
13.3,75.8,8.7,1008.14,42.25,71.4
21.8,100.0,7.1,2180.0,53.55,89.8
19.5,91.0,7.2,1774.5,49.1,81.8
24.6,93.6,4.9,2302.56,49.25,100.0
8.2,85.1,9.9,697.8199999999999,47.5,74.1
19.8,100.0,4.9,1980.0,52.45,100.0
22.4,82.9,4.4,1856.96,43.650000000000006,96.4
2.7,88.0,5.1,237.60000000000002,46.55,47.0
6.7,90.2,4.2,604.34,47.2,46.4
0.7,89.0,6.8,62.3,47.9,54.4
13.1,93.6,5.3,1226.1599999999999,49.449999999999996,76.0
20.0,80.1,2.2,1602.0,41.15,97.8
25.5,95.1,6.7,2425.0499999999997,50.9,100.0
15.5,91.8,4.9,1422.8999999999999,48.35,92.8
26.4,90.4,6.3,2386.56,48.35,100.0
5.3,97.0,3.7,514.1,50.35,78.9
3.1,78.2,3.8,242.42000000000002,41.0,74.0
14.6,81.0,5.5,1182.6,43.25,75.3
17.7,90.2,6.1,1596.54,48.15,88.4
14.8,95.8,7.9,1417.84,51.85,81.0
0.5,89.4,8.9,44.7,49.150000000000006,45.8
14.4,97.7,6.4,1406.88,52.050000000000004,80.3
5.9,89.5,8.3,528.0500000000001,48.9,69.6
19.7,81.0,7.8,1595.7,44.4,98.2
17.6,84.0,5.5,1478.4,44.75,100.0
8.4,95.8,6.2,804.72,51.0,89.5
11.4,95.8,7.2,1092.12,51.5,66.9
7.6,61.6,8.4,468.15999999999997,35.0,80.3
14.6,92.6,2.8,1351.9599999999998,47.699999999999996,67.3
21.7,80.6,8.4,1749.0199999999998,44.5,100.0
8.1,99.4,4.8,805.14,52.1,78.7
18.5,94.1,8.1,1740.85,51.099999999999994,86.2
11.3,92.8,7.5,1048.64,50.15,71.9
9.4,88.3,6.6,830.02,47.449999999999996,49.3
14.3,83.4,5.0,1192.6200000000001,44.2,93.4
7.8,89.2,6.4,695.76,47.800000000000004,55.0
11.1,76.4,4.3,848.0400000000001,40.35,79.6
6.6,99.9,4.2,659.34,52.050000000000004,51.9
28.8,70.1,3.9,2018.8799999999999,37.0,100.0
15.2,100.0,3.5,1520.0,51.75,94.0
10.1,100.0,4.9,1010.0,52.45,96.2
16.5,78.7,5.9,1298.55,42.300000000000004,77.5
14.2,81.9,6.0,1162.98,43.95,85.2
13.5,96.6,4.9,1304.1,50.75,99.2
19.3,72.7,7.2,1403.1100000000001,39.95,92.8
20.3,89.4,4.9,1814.8200000000002,47.150000000000006,100.0
11.3,97.7,5.0,1104.01,51.35,72.3
11.0,96.7,7.0,1063.7,51.85,65.7
13.1,82.8,8.9,1084.6799999999998,45.85,66.0
0.0,97.2,3.9,0.0,50.550000000000004,60.0
4.4,88.1,4.5,387.64,46.3,63.6
24.6,98.7,5.5,2428.0200000000004,52.1,100.0
26.5,77.8,6.3,2061.7,42.05,100.0
13.3,79.0,8.2,1050.7,43.6,82.1
19.0,94.1,6.1,1787.8999999999999,50.099999999999994,83.4
17.2,98.3,5.3,1690.76,51.8,97.2
36.6,77.7,5.2,2843.82,41.45,100.0
22.8,89.4,5.0,2038.3200000000002,47.2,100.0
14.1,80.7,6.2,1137.8700000000001,43.45,80.2
8.3,78.0,5.5,647.4000000000001,41.75,78.5
3.8,88.3,6.5,335.53999999999996,47.4,67.7
16.4,84.5,3.7,1385.8,44.1,75.5
9.7,79.7,4.8,773.0899999999999,42.25,74.0
5.0,74.5,6.5,372.5,40.5,68.5
10.5,52.5,4.4,551.25,28.45,66.9
7.4,84.7,4.2,626.7800000000001,44.45,87.8
26.8,72.8,6.4,1951.04,39.6,100.0
21.2,82.5,9.3,1749.0,45.9,100.0
14.9,96.7,8.4,1440.8300000000002,52.550000000000004,88.1
25.4,78.1,5.4,1983.7399999999998,41.75,100.0
15.5,70.6,8.4,1094.3,39.5,100.0
9.0,90.3,3.4,812.6999999999999,46.85,85.5
25.7,88.9,6.6,2284.73,47.75,100.0
18.8,83.2,7.7,1564.16,45.45,100.0
7.7,81.4,5.3,626.7800000000001,43.35,72.8
13.7,87.0,5.6,1191.8999999999999,46.3,100.0
8.9,87.4,4.0,777.8600000000001,45.7,63.5
5.3,74.2,8.9,393.26,41.550000000000004,72.7
21.5,99.4,2.8,2137.1,51.1,100.0
28.4,78.6,5.8,2232.24,42.199999999999996,100.0
5.2,67.6,6.2,351.52,36.9,69.7
18.9,82.7,3.6,1563.03,43.15,95.4
10.4,73.6,3.6,765.4399999999999,38.599999999999994,56.8
11.6,98.6,5.9,1143.76,52.25,75.2
10.9,83.9,4.5,914.5100000000001,44.2,72.6
9.0,92.6,6.7,833.4,49.65,64.6
15.3,94.6,8.4,1447.3799999999999,51.5,72.6
9.2,87.1,2.4,801.3199999999999,44.75,80.7
16.9,100.0,3.0,1689.9999999999998,51.5,89.4
14.6,91.1,8.7,1330.06,49.9,91.1
13.3,85.4,0.9,1135.8200000000002,43.150000000000006,92.8
8.6,88.3,9.3,759.38,48.8,63.2
11.0,76.1,6.1,837.0999999999999,41.099999999999994,80.9
20.3,75.4,5.2,1530.6200000000001,40.300000000000004,94.3
18.5,93.7,5.5,1733.45,49.6,92.6
8.2,85.4,3.9,700.28,44.650000000000006,65.8
15.7,94.4,8.0,1482.08,51.2,96.1
20.3,98.4,5.2,1997.5200000000002,51.800000000000004,100.0
3.3,90.4,6.3,298.32,48.35,66.1
18.8,98.8,5.9,1857.44,52.35,90.7
10.4,60.2,7.7,626.08,33.95,63.3
19.0,85.9,8.0,1632.1000000000001,46.95,100.0
9.7,85.1,7.6,825.4699999999999,46.349999999999994,63.5
2.4,77.1,6.6,185.04,41.849999999999994,79.1
3.6,86.1,5.8,309.96,45.949999999999996,63.9
15.3,76.4,8.8,1168.92,42.6,88.2
16.8,91.0,6.8,1528.8,48.9,79.1
8.7,83.1,6.6,722.9699999999999,44.849999999999994,70.6
19.5,77.4,5.3,1509.3000000000002,41.35,99.3
3.4,90.9,4.4,309.06,47.650000000000006,55.1
14.5,100.0,4.7,1450.0,52.35,81.3
6.5,81.6,6.6,530.4,44.099999999999994,43.0
10.4,83.7,6.1,870.48,44.9,89.0
15.3,88.2,8.9,1349.46,48.550000000000004,78.5
9.0,82.4,7.5,741.6,44.95,77.6
12.3,86.8,7.1,1067.64,46.949999999999996,92.0
22.0,74.0,4.5,1628.0,39.25,100.0
11.0,73.6,9.0,809.5999999999999,41.3,73.2
20.8,81.3,6.2,1691.04,43.75,96.5
7.1,81.6,4.5,579.3599999999999,43.05,62.1
18.7,87.9,7.3,1643.73,47.6,86.1
25.1,90.6,6.9,2274.06,48.75,100.0
0.0,75.7,6.8,0.0,41.25,37.8
9.4,84.1,4.8,790.54,44.449999999999996,65.3
19.0,80.5,6.3,1529.5,43.4,79.8
13.6,94.1,8.2,1279.76,51.15,100.0
17.6,74.9,7.5,1318.2400000000002,41.2,89.2
10.8,94.3,7.0,1018.44,50.65,79.8
15.6,90.9,6.0,1418.04,48.45,100.0
13.9,86.3,5.6,1199.57,45.949999999999996,87.0
23.2,82.3,8.7,1909.36,45.5,98.9
16.8,78.2,7.9,1313.76,43.050000000000004,98.6
17.4,75.7,4.7,1317.1799999999998,40.2,100.0
12.1,100.0,6.7,1210.0,53.35,86.5
11.6,89.1,9.0,1033.56,49.05,76.3
12.0,80.6,7.7,967.1999999999999,44.15,82.8
17.8,73.9,4.2,1315.42,39.050000000000004,100.0
12.1,67.1,3.3,811.9099999999999,35.199999999999996,100.0
17.0,79.1,4.8,1344.6999999999998,41.949999999999996,100.0
29.5,94.1,2.5,2775.95,48.3,100.0
21.1,79.6,7.1,1679.56,43.349999999999994,72.2
12.7,76.7,7.6,974.09,42.15,87.8
23.4,84.8,8.4,1984.3199999999997,46.6,100.0
12.1,80.1,9.8,969.2099999999999,44.949999999999996,100.0
0.7,94.0,6.1,65.8,50.05,63.1
7.9,68.0,7.0,537.2,37.5,61.8
1.9,97.1,8.5,184.48999999999998,52.8,58.9
12.5,88.3,5.9,1103.75,47.1,76.3
15.1,100.0,5.0,1510.0,52.5,100.0
26.7,76.0,4.1,2029.2,40.05,100.0
17.3,76.1,6.6,1316.53,41.349999999999994,99.4
13.5,79.3,6.5,1070.55,42.9,89.0
20.8,77.4,6.4,1609.92,41.900000000000006,83.8
0.0,82.6,8.4,0.0,45.5,61.9
16.6,75.8,8.5,1258.28,42.15,80.1
20.4,100.0,3.8,2039.9999999999998,51.9,95.8
4.6,75.5,6.6,347.29999999999995,41.05,58.1
23.0,93.0,7.6,2139.0,50.3,100.0
17.4,92.8,5.1,1614.7199999999998,48.949999999999996,86.0
12.1,75.1,4.0,908.7099999999999,39.55,86.8
19.4,89.4,3.6,1734.36,46.5,100.0
30.9,100.0,7.1,3090.0,53.55,100.0
16.3,74.3,6.4,1211.09,40.35,99.9
16.7,79.0,5.4,1319.3,42.2,84.2
11.8,89.6,3.9,1057.28,46.75,80.9
9.1,80.8,3.1,735.28,41.949999999999996,72.0
20.8,80.6,5.3,1676.48,42.949999999999996,100.0
9.0,85.2,4.3,766.8000000000001,44.75,65.3
15.5,81.6,7.6,1264.8,44.599999999999994,93.7
11.7,77.2,6.3,903.24,41.75,67.8
18.4,79.1,2.0,1455.4399999999998,40.55,91.3
17.3,98.2,4.7,1698.8600000000001,51.45,84.9
22.3,91.5,4.5,2040.45,48.0,99.3
11.4,87.0,8.9,991.8000000000001,47.95,67.3
13.1,63.1,4.0,826.61,33.55,99.9
8.1,84.5,4.6,684.4499999999999,44.55,74.1
11.9,65.9,4.7,784.21,35.300000000000004,100.0
17.6,93.8,7.0,1650.88,50.4,91.4
20.3,69.7,3.6,1414.91,36.65,89.6
8.5,81.2,10.0,690.2,45.6,76.3
21.1,99.7,6.0,2103.67,52.85,100.0
24.5,80.9,8.2,1982.0500000000002,44.550000000000004,100.0
17.9,80.6,6.0,1442.7399999999998,43.3,100.0
28.1,97.7,6.0,2745.3700000000003,51.85,100.0
9.6,83.5,6.9,801.6,45.2,77.4
6.3,78.5,6.8,494.55,42.65,52.3
2.5,94.0,7.6,235.0,50.8,51.9
25.5,80.4,5.2,2050.2000000000003,42.800000000000004,100.0
19.6,75.5,10.0,1479.8000000000002,42.75,100.0
14.6,72.6,7.3,1059.9599999999998,39.949999999999996,74.7
17.0,93.8,7.0,1594.6,50.4,99.1
7.1,100.0,6.3,710.0,53.15,70.6
32.1,78.9,4.7,2532.6900000000005,41.800000000000004,100.0
15.9,90.2,7.6,1434.18,48.9,97.6
15.8,92.5,3.3,1461.5,47.9,96.7
20.1,79.0,8.9,1587.9,43.95,100.0
18.4,100.0,8.5,1839.9999999999998,54.25,98.9
16.6,91.6,4.9,1520.56,48.25,93.2
9.5,79.8,4.7,758.1,42.25,73.6
18.3,89.0,9.0,1628.7,49.0,89.7
28.2,78.6,5.8,2216.52,42.199999999999996,100.0
24.4,92.7,4.3,2261.88,48.5,100.0
26.2,77.9,4.6,2040.98,41.25,100.0
11.4,90.2,6.9,1028.28,48.550000000000004,91.1
8.1,77.5,5.2,627.75,41.35,71.1
14.1,85.0,5.3,1198.5,45.15,69.3
15.4,82.3,5.4,1267.42,43.85,80.9
22.7,89.6,5.7,2033.9199999999998,47.65,100.0
3.2,86.8,4.4,277.76,45.6,66.2
25.7,94.9,4.4,2438.9300000000003,49.650000000000006,100.0
13.9,80.0,7.2,1112.0,43.6,89.4
12.0,92.4,5.6,1108.8000000000002,49.0,78.3
7.9,71.9,6.9,568.0100000000001,39.400000000000006,67.3
3.4,77.7,6.4,264.18,42.050000000000004,69.2
20.8,87.1,8.6,1811.6799999999998,47.849999999999994,100.0
15.5,100.0,5.4,1550.0,52.7,89.9
6.0,91.7,5.3,550.2,48.5,49.8
5.9,74.6,6.5,440.14,40.55,82.7
12.6,100.0,8.4,1260.0,54.2,82.1
26.7,100.0,6.0,2670.0,53.0,100.0
13.2,85.6,7.9,1129.9199999999998,46.75,94.7
4.5,73.1,5.3,328.95,39.199999999999996,65.7
13.3,70.8,6.6,941.64,38.699999999999996,74.0
13.1,90.4,5.6,1184.24,48.0,83.8
0.0,80.5,6.7,0.0,43.6,44.5
14.6,91.4,6.5,1334.44,48.95,90.0
13.4,91.3,1.8,1223.42,46.55,86.9
19.9,94.1,1.9,1872.5899999999997,48.0,93.6
27.9,74.4,6.1,2075.76,40.25,100.0
22.9,89.2,6.2,2042.6799999999998,47.7,100.0
13.1,75.2,4.4,985.12,39.800000000000004,75.9
7.3,100.0,6.4,730.0,53.2,78.6
33.0,85.3,5.7,2814.9,45.5,100.0
15.4,76.3,7.4,1175.02,41.85,97.4
15.1,77.8,6.9,1174.78,42.35,94.8
14.8,89.0,6.3,1317.2,47.65,93.2
16.4,86.7,6.3,1421.8799999999999,46.5,92.2
14.0,85.6,5.3,1198.3999999999999,45.449999999999996,75.2
11.0,84.3,4.1,927.3,44.199999999999996,73.4
11.2,79.6,0.8,891.5199999999999,40.199999999999996,81.0
14.8,89.5,8.6,1324.6000000000001,49.05,98.8
11.2,93.5,7.8,1047.2,50.65,86.1
10.0,75.6,6.1,756.0,40.849999999999994,84.2
15.7,93.5,7.8,1467.95,50.65,78.1
13.2,100.0,6.6,1320.0,53.3,84.4
25.5,81.7,5.3,2083.35,43.5,100.0
0.0,86.4,4.5,0.0,45.45,34.5
22.6,83.7,5.9,1891.6200000000001,44.800000000000004,100.0
23.7,84.7,5.8,2007.39,45.25,97.7
0.5,82.0,6.8,41.0,44.4,51.8
12.6,77.7,4.4,979.02,41.050000000000004,81.9
12.4,90.0,7.4,1116.0,48.7,87.5
5.1,88.4,6.2,450.84,47.300000000000004,70.5
9.6,78.0,6.1,748.8,42.05,76.2
7.2,81.4,4.1,586.08,42.75,74.6
27.3,88.2,6.6,2407.86,47.4,100.0
21.5,81.2,9.7,1745.8,45.45,100.0
23.9,74.2,10.0,1773.3799999999999,42.1,100.0
20.1,82.8,5.0,1664.28,43.9,100.0
7.1,91.7,6.2,651.0699999999999,48.95,83.2
11.3,90.3,7.0,1020.39,48.65,94.8
18.4,90.2,8.3,1659.6799999999998,49.25,100.0
6.4,69.1,5.7,442.24,37.4,51.6
20.0,84.5,7.9,1690.0,46.2,100.0
13.3,57.2,8.2,760.7600000000001,32.7,95.1
12.4,78.5,4.4,973.4,41.45,76.5
20.0,84.6,6.0,1692.0,45.3,100.0
18.1,75.7,3.1,1370.17,39.4,100.0
12.5,64.0,6.6,800.0,35.3,68.5
23.1,80.8,10.0,1866.48,45.4,100.0
7.4,100.0,4.1,740.0,52.05,66.7
19.3,97.0,6.0,1872.1000000000001,51.5,96.8
19.2,84.3,5.2,1618.56,44.75,100.0
12.8,94.0,5.9,1203.2,49.95,100.0
17.3,75.5,9.4,1306.15,42.45,100.0
6.2,82.5,3.1,511.5,42.8,70.2
21.5,71.9,8.7,1545.8500000000001,40.300000000000004,100.0
13.7,100.0,6.9,1370.0,53.45,71.1
11.3,100.0,2.8,1130.0,51.4,75.4
22.3,78.9,3.4,1759.4700000000003,41.150000000000006,96.1
10.1,94.6,8.9,955.4599999999999,51.75,87.0
5.1,81.0,3.4,413.09999999999997,42.2,62.9
4.1,68.5,5.4,280.84999999999997,36.95,71.4
19.2,100.0,7.9,1920.0,53.95,100.0
6.0,62.4,5.1,374.4,33.75,75.6
27.3,89.8,4.7,2451.54,47.25,100.0
0.4,91.7,5.4,36.68,48.550000000000004,50.5
26.9,74.4,10.0,2001.3600000000001,42.2,100.0
16.5,88.5,2.7,1460.25,45.6,77.2
14.3,93.9,8.4,1342.7700000000002,51.150000000000006,93.7
11.2,89.9,8.5,1006.88,49.2,61.4
17.8,82.3,2.7,1464.94,42.5,98.9
14.7,91.2,9.2,1340.6399999999999,50.2,89.5
22.7,79.3,4.0,1800.11,41.65,100.0
15.8,100.0,3.0,1580.0,51.5,100.0
16.1,100.0,5.9,1610.0000000000002,52.95,97.3
12.5,82.9,4.6,1036.25,43.75,78.4
14.6,81.4,5.4,1188.44,43.400000000000006,81.8
17.2,99.6,5.7,1713.12,52.65,87.4
3.0,91.5,9.1,274.5,50.3,46.6
5.6,68.4,3.3,383.04,35.85,71.2
20.2,95.3,5.3,1925.06,50.3,100.0
16.2,71.3,4.5,1155.06,37.9,86.1
13.7,69.9,5.3,957.63,37.6,99.6
15.1,92.9,3.6,1402.79,48.25,100.0
17.4,64.5,8.2,1122.3,36.35,83.7
11.2,98.2,5.9,1099.84,52.050000000000004,81.0
9.6,96.0,7.5,921.5999999999999,51.75,80.7
16.4,91.7,7.8,1503.8799999999999,49.75,80.7
8.2,93.2,3.8,764.24,48.5,81.6
17.9,80.8,3.9,1446.32,42.35,80.8
3.1,88.7,3.5,274.97,46.1,48.3
22.2,91.4,7.1,2029.0800000000002,49.25,99.5
18.3,88.2,3.9,1614.0600000000002,46.050000000000004,98.8
16.8,95.6,7.4,1606.08,51.5,74.4
21.9,86.5,8.4,1894.35,47.45,100.0
26.7,60.0,5.1,1602.0,32.55,100.0
22.1,94.4,5.5,2086.2400000000002,49.95,93.4
2.1,70.4,4.6,147.84000000000003,37.5,67.0
6.0,71.4,6.4,428.40000000000003,38.900000000000006,92.3
10.6,70.8,5.7,750.4799999999999,38.25,82.2
15.2,80.8,5.8,1228.1599999999999,43.3,77.4
18.6,88.3,6.2,1642.38,47.25,97.9
9.9,75.0,4.3,742.5,39.65,84.0
16.3,64.5,7.3,1051.3500000000001,35.9,85.2
9.7,85.6,4.6,830.3199999999999,45.099999999999994,76.2
10.7,100.0,3.4,1070.0,51.7,70.9
5.2,87.8,6.4,456.56,47.1,62.5
8.5,82.2,6.6,698.7,44.4,77.6
5.5,64.4,4.4,354.20000000000005,34.400000000000006,76.0
8.2,93.4,6.0,765.88,49.7,84.5
22.4,77.3,7.6,1731.5199999999998,42.449999999999996,100.0
8.4,79.1,6.7,664.4399999999999,42.9,83.0
33.4,78.4,6.7,2618.56,42.550000000000004,100.0
18.5,80.7,6.0,1492.95,43.35,94.7
16.3,69.5,9.8,1132.8500000000001,39.65,91.8
9.0,96.7,7.3,870.3000000000001,52.0,62.0
19.9,81.7,6.4,1625.83,44.050000000000004,100.0
11.0,92.9,6.0,1021.9000000000001,49.45,72.6
15.9,80.6,4.6,1281.54,42.599999999999994,98.1
32.9,100.0,2.9,3290.0,51.45,100.0
14.3,88.0,5.7,1258.4,46.85,97.8
23.0,89.2,4.6,2051.6,46.9,100.0
10.1,63.8,3.1,644.38,33.449999999999996,67.8
14.8,86.9,4.8,1286.1200000000001,45.85,85.0
27.4,82.0,4.1,2246.7999999999997,43.05,100.0
10.6,76.3,5.0,808.78,40.65,77.6
27.7,73.8,9.2,2044.2599999999998,41.5,100.0
20.0,78.6,6.0,1572.0,42.3,100.0
11.1,83.8,6.9,930.18,45.35,78.9
19.4,81.4,7.9,1579.16,44.650000000000006,100.0
21.8,88.7,6.5,1933.66,47.6,88.1
19.4,78.6,8.0,1524.8399999999997,43.3,85.6
4.0,92.1,6.6,368.4,49.349999999999994,74.8
9.9,95.3,7.6,943.47,51.449999999999996,70.7
13.3,91.1,3.4,1211.6299999999999,47.25,71.3
14.5,86.2,3.9,1249.9,45.050000000000004,100.0
19.3,83.8,5.6,1617.34,44.699999999999996,100.0
16.2,93.9,4.8,1521.18,49.35,86.9
5.7,91.7,7.8,522.69,49.75,80.2
17.7,84.4,5.8,1493.88,45.1,98.3
19.3,80.6,5.0,1555.58,42.8,100.0
18.9,89.0,5.4,1682.1,47.2,79.8
22.6,84.4,1.6,1907.4400000000003,43.0,100.0
20.8,88.2,5.2,1834.5600000000002,46.7,100.0
18.2,78.9,8.3,1435.98,43.6,93.4
14.5,75.0,3.6,1087.5,39.3,88.4
3.4,91.5,2.0,311.09999999999997,46.75,58.0
18.0,69.9,5.8,1258.2,37.85,100.0
16.5,95.8,10.0,1580.7,52.9,93.5
16.9,90.6,3.5,1531.1399999999999,47.05,95.4
6.1,94.1,5.3,574.0099999999999,49.699999999999996,74.6
7.4,97.7,6.0,722.98,51.85,73.7
22.4,86.4,6.6,1935.36,46.5,100.0
14.7,82.6,4.4,1214.2199999999998,43.5,97.2
19.8,73.6,7.4,1457.28,40.5,80.1
15.2,81.7,4.4,1241.84,43.050000000000004,90.1
15.2,72.5,6.4,1102.0,39.45,100.0
21.6,73.2,7.5,1581.1200000000001,40.35,89.3
11.4,74.1,4.5,844.74,39.3,80.6
15.7,93.0,6.2,1460.1,49.6,100.0
11.8,83.6,6.2,986.48,44.9,68.5
12.0,86.6,6.8,1039.1999999999998,46.699999999999996,75.6
12.8,77.6,9.0,993.28,43.3,100.0
16.6,72.1,4.8,1196.86,38.449999999999996,97.5
11.6,79.2,8.0,918.72,43.6,84.5
23.8,100.0,5.3,2380.0,52.65,93.9
8.7,90.1,4.2,783.8699999999999,47.15,74.1
13.7,95.7,6.2,1311.09,50.95,77.1
11.9,85.8,6.2,1021.02,46.0,74.8
25.1,84.2,6.4,2113.42,45.300000000000004,100.0
16.4,85.6,4.8,1403.8399999999997,45.199999999999996,96.1
22.2,57.4,6.1,1274.28,31.75,100.0
4.6,93.4,5.5,429.64,49.45,51.4
16.9,64.0,5.0,1081.6,34.5,80.3
21.2,81.8,4.9,1734.1599999999999,43.35,100.0
15.6,65.4,4.4,1020.24,34.900000000000006,88.4
22.5,91.4,5.6,2056.5,48.5,100.0
11.4,79.3,2.3,904.02,40.8,75.3
24.9,97.8,3.5,2435.22,50.65,100.0
31.1,86.7,7.1,2696.3700000000003,46.9,100.0
12.5,92.7,7.9,1158.75,50.300000000000004,75.1
11.9,78.9,6.8,938.9100000000001,42.85,75.5
25.2,68.0,4.9,1713.6,36.45,100.0
26.1,92.7,5.9,2419.4700000000003,49.300000000000004,100.0
11.3,81.2,7.5,917.5600000000001,44.35,62.2
12.1,98.9,7.2,1196.69,53.050000000000004,71.6
13.0,64.2,5.4,834.6,34.800000000000004,97.3
5.6,76.0,9.1,425.59999999999997,42.55,60.5
8.6,59.9,7.2,515.14,33.55,65.2
8.0,79.4,4.8,635.2,42.1,71.7
9.6,89.3,4.7,857.28,47.0,77.6
14.8,83.7,7.5,1238.76,45.6,100.0
16.6,88.9,4.6,1475.7400000000002,46.75,100.0
25.9,86.2,9.1,2232.58,47.65,100.0
8.0,68.7,9.8,549.6,39.25,100.0
21.9,87.9,6.9,1925.01,47.400000000000006,100.0
13.5,94.0,5.8,1269.0,49.9,77.3
14.7,79.6,2.5,1170.12,41.05,68.3
19.7,85.9,5.6,1692.23,45.75,90.1
7.1,75.0,4.8,532.5,39.9,64.4
17.7,100.0,8.8,1770.0,54.4,92.2
16.2,67.9,5.7,1099.98,36.800000000000004,70.5
18.4,77.4,5.3,1424.16,41.35,100.0
17.0,85.8,4.7,1458.6,45.25,80.5
32.2,90.5,7.2,2914.1000000000004,48.85,100.0
10.5,77.8,4.3,816.9,41.05,80.0
11.3,79.8,8.1,901.74,43.949999999999996,76.3
10.6,89.2,5.3,945.52,47.25,86.8
11.1,69.4,6.8,770.34,38.1,90.2
10.5,91.0,5.8,955.5,48.4,71.2
23.3,100.0,4.0,2330.0,52.0,94.4
24.9,88.9,4.8,2213.61,46.85,100.0
11.0,100.0,5.9,1100.0,52.95,89.9
9.2,79.4,8.3,730.48,43.85,62.0
18.3,96.1,5.1,1758.6299999999999,50.599999999999994,77.0
11.1,90.0,7.0,999.0,48.5,88.8
19.4,77.9,6.9,1511.26,42.400000000000006,100.0
16.4,83.3,5.3,1366.12,44.3,90.8
4.4,82.0,5.1,360.8,43.55,55.3
25.8,75.6,7.4,1950.48,41.5,100.0
27.6,95.7,4.3,2641.32,50.0,100.0
10.7,75.4,6.4,806.78,40.900000000000006,65.7
12.3,100.0,8.2,1230.0,54.1,86.3
17.0,79.6,10.0,1353.1999999999998,44.8,87.1
17.3,87.5,5.3,1513.75,46.4,96.0
19.6,76.0,7.0,1489.6000000000001,41.5,100.0
29.1,92.6,1.0,2694.66,46.8,100.0
13.8,77.4,6.7,1068.1200000000001,42.050000000000004,90.2
9.4,100.0,6.6,940.0,53.3,95.8
5.3,96.7,6.5,512.51,51.6,58.9
9.9,97.1,6.2,961.29,51.65,61.4
14.8,88.1,6.2,1303.8799999999999,47.15,65.0
27.6,86.1,8.2,2376.36,47.15,100.0
11.4,95.3,7.9,1086.42,51.6,58.1
16.6,94.2,5.8,1563.7200000000003,50.0,99.1
14.9,75.6,7.6,1126.44,41.599999999999994,96.2
23.3,84.4,6.9,1966.5200000000002,45.650000000000006,100.0
32.7,81.8,5.3,2674.86,43.55,100.0
11.3,89.6,7.6,1012.48,48.599999999999994,63.2
11.6,96.5,5.4,1119.3999999999999,50.95,65.5
22.3,85.6,6.2,1908.8799999999999,45.9,100.0
19.8,87.6,6.5,1734.48,47.05,90.1
27.9,96.3,6.2,2686.77,51.25,100.0
19.1,70.0,4.9,1337.0,37.45,85.0
12.5,73.1,6.4,913.7499999999999,39.75,100.0
19.1,97.6,5.5,1864.16,51.55,88.6
22.8,79.9,5.0,1821.7200000000003,42.45,90.3
20.7,92.7,6.0,1918.89,49.35,100.0
18.6,78.7,5.5,1463.8200000000002,42.1,100.0
22.5,93.6,8.5,2106.0,51.05,100.0
23.2,84.2,8.2,1953.44,46.2,100.0
24.7,76.6,7.7,1892.0199999999998,42.15,92.6
19.5,96.5,6.9,1881.75,51.7,94.2
13.8,89.4,4.6,1233.7200000000003,47.0,70.1
16.0,79.2,9.0,1267.2,44.1,90.2
23.4,87.4,4.1,2045.16,45.75,100.0
9.3,71.1,7.3,661.23,39.199999999999996,76.5
17.6,78.6,2.5,1383.36,40.55,100.0
12.2,72.3,4.5,882.06,38.4,73.3
15.2,87.1,5.4,1323.9199999999998,46.25,86.1
23.9,72.9,5.6,1742.31,39.25,100.0
16.3,73.1,1.9,1191.53,37.5,77.9
15.3,87.0,1.6,1331.1000000000001,44.3,97.9
5.5,79.6,4.5,437.79999999999995,42.05,79.2
20.2,100.0,7.2,2020.0,53.6,100.0
19.5,78.9,0.0,1538.5500000000002,39.45,82.8
30.1,81.8,2.9,2462.18,42.35,100.0
12.8,77.0,6.2,985.6,41.6,90.3
16.5,81.7,5.4,1348.05,43.550000000000004,100.0
16.7,83.5,9.5,1394.45,46.5,89.6
26.0,73.8,8.9,1918.8,41.35,100.0
14.3,78.7,8.5,1125.41,43.6,89.4
17.0,75.6,4.4,1285.1999999999998,40.0,100.0
19.3,87.4,3.0,1686.8200000000002,45.2,96.3
16.3,84.3,1.6,1374.09,42.949999999999996,79.3
11.9,69.5,5.1,827.0500000000001,37.3,85.6
16.4,90.4,6.5,1482.56,48.45,80.4
22.5,80.7,6.6,1815.75,43.65,100.0
7.8,90.0,8.9,702.0,49.45,66.2
15.9,76.5,2.8,1216.3500000000001,39.65,87.9
10.1,92.1,9.8,930.2099999999999,50.949999999999996,69.3
23.4,89.3,5.1,2089.62,47.199999999999996,98.9
4.3,80.2,6.1,344.86,43.15,65.2
11.1,93.1,6.7,1033.4099999999999,49.9,77.1
17.6,69.1,4.6,1216.16,36.849999999999994,88.5
26.0,88.0,8.8,2288.0,48.4,100.0
14.5,85.7,6.5,1242.65,46.1,85.1
11.1,60.5,6.5,671.55,33.5,86.6
28.2,91.5,5.1,2580.2999999999997,48.3,100.0
4.9,67.1,2.1,328.79,34.599999999999994,54.9
0.0,86.7,6.2,0.0,46.45,51.7
18.1,87.1,9.5,1576.51,48.3,91.9
11.5,93.0,3.2,1069.5,48.1,72.2
7.9,87.5,4.1,691.25,45.8,59.6
20.0,68.2,6.2,1364.0,37.2,100.0
16.7,98.6,7.4,1646.62,53.0,97.6
11.1,80.3,6.4,891.3299999999999,43.35,92.1
6.0,90.4,7.9,542.4000000000001,49.150000000000006,53.3
21.1,76.8,8.1,1620.48,42.449999999999996,100.0
19.6,70.4,6.3,1379.8400000000001,38.35,100.0
14.3,99.1,7.6,1417.1299999999999,53.349999999999994,80.0
27.9,87.7,8.7,2446.83,48.2,100.0
7.5,88.7,7.8,665.25,48.25,73.3
4.3,97.0,9.2,417.09999999999997,53.1,64.4
10.2,80.3,5.5,819.06,42.9,71.1
14.7,83.8,5.3,1231.86,44.55,90.8
16.7,83.1,6.3,1387.7699999999998,44.699999999999996,77.4
13.3,91.7,8.5,1219.6100000000001,50.1,87.1
17.5,78.2,5.9,1368.5,42.050000000000004,88.1
6.2,70.0,8.0,434.0,39.0,62.4
25.1,92.8,4.8,2329.28,48.8,100.0
14.4,82.7,7.2,1190.88,44.95,87.6
22.8,68.9,7.1,1570.92,38.0,100.0
17.4,97.6,1.8,1698.2399999999998,49.699999999999996,98.9
18.2,91.0,8.1,1656.2,49.55,99.1
19.0,70.0,2.7,1330.0,36.35,88.2
18.1,91.5,5.3,1656.15,48.4,94.7
19.5,70.3,8.5,1370.85,39.4,100.0
24.3,95.4,3.9,2318.2200000000003,49.650000000000006,100.0
16.4,90.9,6.2,1490.76,48.550000000000004,80.7
20.0,80.8,4.7,1616.0,42.75,100.0
14.4,96.9,5.3,1395.3600000000001,51.1,95.9
25.1,80.3,4.4,2015.53,42.35,100.0
10.3,81.8,5.5,842.5400000000001,43.65,44.7
27.6,87.4,3.4,2412.2400000000002,45.400000000000006,100.0
14.7,75.3,3.0,1106.9099999999999,39.15,91.3
5.0,82.1,4.1,410.5,43.099999999999994,59.9
15.9,91.3,6.8,1451.67,49.05,100.0
10.2,94.7,6.3,965.9399999999999,50.5,82.3
20.9,87.2,2.8,1822.48,45.0,85.5
10.4,75.6,2.6,786.24,39.099999999999994,67.9
11.9,79.5,5.3,946.0500000000001,42.4,62.4
1.8,77.2,8.7,138.96,42.95,60.3
11.8,67.7,5.7,798.8600000000001,36.7,74.4
0.0,95.6,3.0,0.0,49.3,35.8
3.9,68.8,7.7,268.32,38.25,58.1
20.3,100.0,6.6,2030.0,53.3,95.8
20.5,78.1,3.7,1601.05,40.9,98.3
18.0,69.7,6.6,1254.6000000000001,38.15,100.0
8.2,75.1,6.0,615.8199999999999,40.55,63.8
14.7,95.3,8.7,1400.9099999999999,52.0,95.2
15.0,86.3,2.8,1294.5,44.55,92.5
6.9,85.0,5.8,586.5,45.4,68.2
25.5,88.4,8.0,2254.2000000000003,48.2,100.0
21.1,86.6,7.6,1827.26,47.099999999999994,100.0
13.5,80.5,5.5,1086.75,43.0,91.6
15.2,77.9,5.7,1184.08,41.800000000000004,81.7
16.5,50.0,6.0,825.0,28.0,98.9
0.7,97.8,5.4,68.46,51.6,61.8
13.3,92.4,5.0,1228.92,48.7,81.7
10.2,77.6,4.0,791.5199999999999,40.8,76.8
8.0,94.0,5.4,752.0,49.7,66.2
13.0,72.5,3.2,942.5,37.85,78.1
27.6,92.9,6.5,2564.0400000000004,49.7,100.0
19.5,70.2,5.5,1368.9,37.85,91.7
11.0,76.0,4.4,836.0,40.2,80.7
19.0,86.8,7.4,1649.2,47.1,77.2
24.8,70.7,5.6,1753.3600000000001,38.15,100.0
21.5,96.1,6.0,2066.15,51.05,96.3
15.4,93.3,5.4,1436.82,49.35,90.3
10.5,91.3,1.2,958.65,46.25,77.5
19.9,87.4,7.1,1739.26,47.25,100.0
17.8,93.2,8.2,1658.96,50.7,95.1
21.3,83.7,4.1,1782.8100000000002,43.9,100.0
19.4,70.4,7.0,1365.76,38.7,97.6
22.3,72.9,6.5,1625.67,39.7,100.0
11.3,89.8,4.9,1014.74,47.35,84.2
24.2,97.8,4.4,2366.7599999999998,51.1,100.0
16.4,92.7,6.9,1520.28,49.800000000000004,94.5
29.5,67.6,7.5,1994.1999999999998,37.55,100.0
10.2,88.6,5.3,903.7199999999999,46.949999999999996,71.7
27.2,83.8,4.2,2279.3599999999997,44.0,100.0
16.4,99.6,6.4,1633.4399999999998,53.0,100.0
10.4,79.5,3.8,826.8000000000001,41.65,66.1
11.6,88.9,6.0,1031.24,47.45,64.1
12.8,94.2,5.6,1205.76,49.9,71.2
18.0,73.6,2.6,1324.8,38.099999999999994,100.0
18.7,68.3,2.2,1277.2099999999998,35.25,84.7
11.0,70.8,0.0,778.8,35.4,96.1
14.8,58.4,6.7,864.32,32.55,86.1
30.0,80.3,3.6,2409.0,41.949999999999996,100.0
27.1,93.7,4.7,2539.2700000000004,49.2,100.0
18.1,82.9,3.5,1500.4900000000002,43.2,96.4
15.3,93.7,3.5,1433.6100000000001,48.6,100.0
15.8,77.8,8.9,1229.24,43.35,100.0
19.3,78.3,5.3,1511.19,41.8,98.3
7.8,65.5,7.7,510.9,36.6,63.5
13.2,85.6,3.0,1129.9199999999998,44.3,74.7
3.3,85.1,7.1,280.83,46.099999999999994,61.4
17.8,100.0,5.3,1780.0,52.65,93.1
19.5,86.0,4.0,1677.0,45.0,100.0
11.6,75.9,9.4,880.44,42.650000000000006,81.2
26.0,70.0,6.1,1820.0,38.05,100.0
6.4,89.1,9.9,570.24,49.5,74.2
4.7,96.1,5.5,451.67,50.8,65.2
16.6,86.3,6.9,1432.5800000000002,46.6,71.2
22.3,88.3,9.8,1969.09,49.05,100.0
26.8,82.3,6.1,2205.64,44.199999999999996,100.0
11.8,77.2,7.8,910.96,42.5,79.4
22.6,83.5,7.7,1887.1000000000001,45.6,100.0
14.7,94.2,4.1,1384.74,49.15,100.0
13.8,95.0,5.6,1311.0,50.3,87.7
21.2,78.0,10.0,1653.6,44.0,100.0
19.6,96.3,4.6,1887.48,50.449999999999996,100.0
4.0,89.6,2.4,358.4,46.0,54.5
25.3,82.1,1.5,2077.13,41.8,100.0
24.7,84.9,7.9,2097.03,46.400000000000006,100.0
10.6,79.9,2.4,846.94,41.150000000000006,77.3
17.8,88.9,5.7,1582.42,47.300000000000004,96.8
18.5,79.7,8.1,1474.45,43.9,98.7
16.8,100.0,4.5,1680.0,52.25,91.5
11.1,79.4,3.0,881.34,41.2,85.2
10.3,74.9,6.9,771.4700000000001,40.900000000000006,70.7
14.8,87.7,10.0,1297.96,48.85,65.2
23.2,94.7,3.1,2197.04,48.9,100.0
18.8,82.1,8.2,1543.48,45.15,100.0
12.4,85.4,6.4,1058.96,45.900000000000006,80.2
20.4,83.7,3.3,1707.48,43.5,90.0
0.0,83.7,9.7,0.0,46.7,58.7
23.0,77.5,7.7,1782.5,42.6,100.0
2.8,75.9,8.6,212.52,42.25,50.2
12.5,79.1,4.9,988.7499999999999,42.0,95.7
7.2,73.1,5.8,526.3199999999999,39.449999999999996,75.7
5.9,76.5,4.9,451.35,40.7,68.9
23.1,86.6,8.4,2000.46,47.5,100.0
11.7,84.9,9.0,993.33,46.95,74.5
17.4,74.3,2.2,1292.82,38.25,76.8
14.7,77.4,6.6,1137.78,42.0,93.2
18.3,100.0,1.0,1830.0,50.5,90.7
15.5,86.2,5.2,1336.1000000000001,45.7,85.1
6.0,81.1,6.5,486.59999999999997,43.8,71.5
22.0,94.7,6.8,2083.4,50.75,91.5
11.5,86.2,6.3,991.3000000000001,46.25,81.0
4.1,82.3,6.1,337.42999999999995,44.199999999999996,53.6
12.0,71.2,6.3,854.4000000000001,38.75,79.1
25.5,88.1,5.4,2246.5499999999997,46.75,100.0
21.0,87.2,6.5,1831.2,46.85,99.2
12.6,67.5,2.7,850.5,35.1,90.5
12.6,77.1,4.3,971.4599999999999,40.699999999999996,74.6
12.7,90.6,3.9,1150.62,47.25,78.1
29.5,62.3,7.7,1837.85,35.0,100.0
17.7,97.5,4.2,1725.75,50.85,93.0
18.0,78.2,6.0,1407.6000000000001,42.1,96.6
22.2,78.7,6.1,1747.14,42.4,100.0
16.7,95.4,7.5,1593.18,51.45,93.1
13.2,76.1,1.8,1004.5199999999999,38.949999999999996,89.9
13.6,80.6,8.7,1096.1599999999999,44.65,65.8
14.5,83.3,7.7,1207.85,45.5,99.4
14.7,94.9,4.5,1395.03,49.7,99.4
20.1,88.8,4.1,1784.88,46.449999999999996,86.3
15.4,64.1,1.9,987.14,33.0,86.1
20.1,100.0,8.9,2010.0000000000002,54.45,93.9
14.4,69.9,6.2,1006.5600000000001,38.050000000000004,82.3
15.6,91.3,6.7,1424.28,49.0,86.4
1.0,95.3,8.4,95.3,51.85,50.4
21.4,100.0,5.3,2140.0,52.65,100.0
17.4,68.2,6.6,1186.68,37.4,100.0
22.0,77.3,9.4,1700.6,43.35,100.0
0.0,84.2,7.6,0.0,45.9,60.7
29.6,76.6,4.2,2267.36,40.4,100.0
14.0,85.9,7.2,1202.6000000000001,46.550000000000004,78.9
22.8,74.6,6.9,1700.8799999999999,40.75,100.0
7.7,87.2,6.8,671.44,47.0,73.3
19.3,85.3,5.0,1646.29,45.15,83.2
7.6,100.0,3.4,760.0,51.7,71.2
10.6,92.6,8.5,981.56,50.55,88.7
28.4,95.9,4.3,2723.56,50.1,100.0
13.7,88.6,5.7,1213.82,47.15,91.6
16.5,80.4,6.3,1326.6000000000001,43.35,97.3
21.1,90.5,3.4,1909.5500000000002,46.95,100.0
18.5,80.2,5.9,1483.7,43.050000000000004,100.0
16.1,75.1,6.5,1209.1100000000001,40.8,98.2
17.6,89.7,8.6,1578.7200000000003,49.15,77.7
31.8,100.0,4.9,3180.0,52.45,100.0
14.6,91.0,7.2,1328.6,49.1,84.5
16.4,99.3,10.0,1628.5199999999998,54.65,88.4
22.4,90.7,8.7,2031.6799999999998,49.7,100.0
22.7,100.0,9.8,2270.0,54.9,100.0
23.3,97.4,6.3,2269.42,51.85,100.0
19.5,98.5,7.3,1920.75,52.9,95.5
7.0,87.0,5.9,609.0,46.45,58.2
26.4,91.1,5.4,2405.0399999999995,48.25,98.0
7.0,82.7,4.8,578.9,43.75,78.1
17.1,76.6,3.4,1309.86,40.0,100.0
9.7,80.0,9.6,776.0,44.8,89.7
14.6,81.9,8.0,1195.74,44.95,98.0
17.3,76.8,7.3,1328.64,42.05,100.0
17.2,85.0,9.5,1462.0,47.25,93.7
18.0,97.4,5.8,1753.2,51.6,100.0
26.3,84.8,3.9,2230.24,44.35,100.0
18.2,63.2,5.5,1150.24,34.35,62.8
13.3,79.3,4.8,1054.69,42.05,100.0
21.7,83.5,4.3,1811.95,43.9,100.0
23.3,100.0,4.4,2330.0,52.2,100.0
6.4,78.2,7.3,500.48,42.75,60.3
19.2,77.6,2.0,1489.9199999999998,39.8,100.0
19.9,83.4,5.7,1659.66,44.550000000000004,100.0
12.9,88.0,2.9,1135.2,45.45,79.3
24.6,72.8,4.9,1790.88,38.85,100.0
13.9,88.2,2.9,1225.98,45.550000000000004,66.3
15.9,89.2,9.6,1418.28,49.4,88.4
13.8,78.1,5.1,1077.78,41.599999999999994,76.2
15.1,88.2,9.5,1331.82,48.85,92.3
7.3,73.5,4.3,536.55,38.9,73.9
4.9,76.9,8.6,376.81000000000006,42.75,49.4
26.2,77.9,5.8,2040.98,41.85,100.0
9.1,78.6,7.2,715.2599999999999,42.9,70.0
8.1,82.3,5.4,666.63,43.85,66.4
0.0,80.9,7.4,0.0,44.150000000000006,53.6
10.5,74.2,9.8,779.1,42.0,76.2
5.7,100.0,3.0,570.0,51.5,62.4
26.5,81.4,6.6,2157.1000000000004,44.0,100.0
22.1,82.3,5.7,1818.8300000000002,44.0,100.0
10.2,99.0,2.5,1009.8,50.75,82.1
30.8,100.0,4.9,3080.0,52.45,100.0
21.9,85.9,4.3,1881.21,45.1,95.0
12.7,90.9,4.6,1154.43,47.75,68.2
0.0,81.8,3.7,0.0,42.75,49.9
31.0,75.3,9.5,2334.2999999999997,42.4,100.0
5.3,84.1,4.3,445.72999999999996,44.199999999999996,68.6
3.5,85.3,7.2,298.55,46.25,43.9
22.2,85.9,5.9,1906.98,45.900000000000006,100.0
32.1,100.0,4.4,3210.0,52.2,100.0
24.7,83.0,7.4,2050.1,45.2,100.0
18.9,73.6,9.3,1391.0399999999997,41.449999999999996,95.4
19.2,76.3,8.9,1464.9599999999998,42.6,100.0
21.0,82.6,5.3,1734.6,43.949999999999996,96.9
20.3,64.2,3.4,1303.26,33.800000000000004,82.4
17.0,63.0,3.7,1071.0,33.35,89.8
15.7,84.6,6.2,1328.2199999999998,45.4,83.8
14.6,82.9,4.3,1210.3400000000001,43.6,69.9
9.7,80.8,5.7,783.7599999999999,43.25,82.4
13.0,82.7,5.3,1075.1000000000001,44.0,79.3
3.1,84.6,4.8,262.26,44.699999999999996,69.3
14.3,68.9,7.1,985.2700000000001,38.0,98.7
8.1,81.5,6.8,660.15,44.15,81.5
7.3,86.5,9.5,631.4499999999999,48.0,56.9
16.3,90.9,8.2,1481.67,49.550000000000004,90.4
24.7,72.3,6.3,1785.81,39.3,100.0
21.4,100.0,3.0,2140.0,51.5,100.0
4.0,83.4,5.7,333.6,44.550000000000004,64.1
8.1,83.5,1.1,676.35,42.3,92.4
21.6,99.4,10.0,2147.0400000000004,54.7,100.0
8.1,70.6,3.1,571.8599999999999,36.849999999999994,72.4
13.4,81.3,3.0,1089.42,42.15,86.6
18.9,90.2,5.1,1704.78,47.65,100.0
8.2,74.7,6.9,612.54,40.800000000000004,62.4
15.7,78.3,7.9,1229.31,43.1,89.9
5.7,76.5,7.4,436.05,41.95,72.8
10.8,90.0,2.3,972.0000000000001,46.15,82.4
17.2,92.3,8.0,1587.56,50.15,100.0
3.8,78.0,6.3,296.4,42.15,47.6
18.1,74.9,7.0,1355.6900000000003,40.95,100.0
14.9,89.1,4.1,1327.59,46.599999999999994,75.0
18.9,85.3,7.2,1612.1699999999998,46.25,91.3
16.6,91.9,4.4,1525.5400000000002,48.150000000000006,99.5
24.5,85.5,6.6,2094.75,46.05,100.0
15.9,65.4,3.0,1039.8600000000001,34.2,89.8
12.0,88.3,6.3,1059.6,47.3,69.1
15.9,86.1,6.6,1368.99,46.349999999999994,98.7
18.8,88.2,3.1,1658.16,45.65,99.9
15.3,93.1,4.4,1424.43,48.75,87.3
15.3,94.5,10.0,1445.8500000000001,52.25,100.0
10.1,85.0,6.5,858.5,45.75,88.5
10.4,92.5,7.3,962.0,49.9,85.1
5.2,76.8,9.4,399.36,43.1,64.1
27.2,69.4,7.1,1887.68,38.25,100.0
6.3,76.2,5.8,480.06,41.0,52.7
10.1,64.0,6.9,646.4,35.45,81.4
10.0,82.2,3.2,822.0,42.7,69.5
21.3,71.8,6.3,1529.34,39.05,100.0
12.9,88.2,6.6,1137.78,47.4,73.7
23.7,71.5,5.5,1694.55,38.5,97.6
10.3,68.5,5.5,705.5500000000001,37.0,86.5
17.0,100.0,5.8,1700.0,52.9,87.5
9.2,82.7,0.0,760.8399999999999,41.35,82.7
30.0,82.2,2.9,2466.0,42.550000000000004,100.0
6.7,95.7,5.5,641.19,50.6,62.5
17.2,66.8,4.0,1148.9599999999998,35.4,94.1
19.4,69.8,6.4,1354.12,38.1,100.0
17.9,79.5,0.4,1423.05,39.95,82.7
13.7,81.3,5.7,1113.81,43.5,78.3
14.1,89.7,8.1,1264.77,48.9,75.7
15.3,72.0,6.7,1101.6000000000001,39.35,99.9
14.0,87.3,5.5,1222.2,46.4,83.5
21.7,71.2,4.1,1545.04,37.65,100.0
30.5,82.5,5.2,2516.25,43.85,100.0
11.1,93.1,8.4,1033.4099999999999,50.75,76.7
5.4,64.8,3.6,349.92,34.199999999999996,48.5
14.4,77.9,6.3,1121.7600000000002,42.1,78.9
33.1,66.0,7.9,2184.6,36.95,100.0
9.4,94.7,2.3,890.1800000000001,48.5,83.0
26.5,88.1,5.9,2334.6499999999996,47.0,98.8
26.7,89.2,5.9,2381.64,47.550000000000004,100.0
11.1,92.0,7.4,1021.1999999999999,49.7,66.1
19.0,78.4,5.1,1489.6000000000001,41.75,100.0
26.4,74.4,5.0,1964.16,39.7,100.0
12.3,91.8,5.1,1129.14,48.449999999999996,82.3
13.6,71.8,7.5,976.4799999999999,39.65,87.4
10.9,82.3,7.7,897.07,45.0,71.1
7.9,84.7,7.5,669.1300000000001,46.1,67.0
10.5,68.3,5.9,717.15,37.1,73.1
6.4,94.4,5.0,604.1600000000001,49.7,68.1
15.2,89.1,4.7,1354.32,46.9,86.5
9.6,66.3,6.4,636.4799999999999,36.35,79.1
16.6,85.1,7.2,1412.66,46.15,79.2
4.1,87.9,7.3,360.39,47.6,50.5
17.3,93.4,6.3,1615.8200000000002,49.85,100.0
20.8,90.3,9.5,1878.24,49.9,100.0
1.0,74.2,4.3,74.2,39.25,60.3
17.6,61.9,6.1,1089.44,34.0,99.5
23.6,97.3,4.9,2296.28,51.1,96.5
6.5,73.7,5.4,479.05,39.550000000000004,54.7
26.7,81.0,5.2,2162.7,43.1,100.0
17.9,80.3,5.1,1437.37,42.699999999999996,77.7
10.1,72.3,8.1,730.2299999999999,40.199999999999996,75.0
14.6,100.0,5.0,1460.0,52.5,75.5
18.9,66.1,10.0,1249.2899999999997,38.05,91.5
15.5,73.5,8.9,1139.25,41.2,97.3
18.8,71.4,4.3,1342.3200000000002,37.85,93.9
8.6,85.2,6.1,732.72,45.65,64.3
16.2,86.4,4.6,1399.68,45.5,72.0
5.1,85.0,4.4,433.49999999999994,44.7,65.5
14.2,88.9,8.6,1262.38,48.75,78.4
8.7,58.9,6.9,512.43,32.9,65.2
9.9,89.7,4.9,888.0300000000001,47.300000000000004,71.3
23.7,91.0,6.5,2156.7,48.75,100.0
22.6,98.0,6.0,2214.8,52.0,100.0
19.3,62.9,6.5,1213.97,34.7,91.9
7.4,86.9,8.4,643.0600000000001,47.650000000000006,79.2
12.8,100.0,6.0,1280.0,53.0,82.1
23.5,86.4,6.7,2030.4,46.550000000000004,100.0
16.0,94.6,6.6,1513.6,50.599999999999994,98.5
31.2,92.7,7.2,2892.2400000000002,49.95,100.0
17.8,90.5,6.6,1610.9,48.55,93.0
16.3,76.4,5.7,1245.3200000000002,41.050000000000004,81.2
12.8,77.8,7.4,995.84,42.6,71.3
15.9,88.4,7.8,1405.5600000000002,48.1,79.0
13.9,82.8,10.0,1150.92,46.4,91.8
20.0,81.1,4.4,1622.0,42.75,95.8
21.7,80.9,5.1,1755.53,43.0,100.0
9.5,78.1,5.6,741.9499999999999,41.849999999999994,77.0
5.7,90.1,7.0,513.5699999999999,48.55,68.5
2.1,86.1,3.2,180.81,44.65,58.7
18.6,94.2,7.8,1752.1200000000001,51.0,95.5
7.3,93.6,7.6,683.28,50.599999999999994,66.1
0.0,86.4,8.2,0.0,47.300000000000004,51.7
17.7,86.2,8.9,1525.74,47.550000000000004,94.8
32.5,100.0,10.0,3250.0,55.0,100.0
15.0,100.0,5.6,1500.0,52.8,81.2
20.9,78.6,4.6,1642.7399999999998,41.599999999999994,100.0
15.6,76.5,6.7,1193.3999999999999,41.6,97.4
14.3,100.0,7.4,1430.0,53.7,72.3
21.4,77.1,5.5,1649.9399999999998,41.3,98.7
13.0,89.4,9.1,1162.2,49.25,75.1
16.9,76.6,8.7,1294.5399999999997,42.65,87.3
17.3,87.9,8.3,1520.67,48.1,88.1
10.3,85.1,7.4,876.53,46.25,68.9
21.9,91.2,7.0,1997.28,49.1,100.0
13.8,81.3,7.9,1121.94,44.6,74.1
9.7,93.5,5.1,906.9499999999999,49.3,80.1
18.8,60.6,10.0,1139.28,35.3,85.7
8.7,81.6,5.3,709.9199999999998,43.449999999999996,65.8
15.2,79.2,8.7,1203.84,43.95,84.8
14.9,83.5,6.3,1244.15,44.9,93.0
22.6,70.8,4.4,1600.08,37.6,100.0
18.3,73.8,7.4,1350.54,40.6,95.3
14.8,69.4,7.5,1027.1200000000001,38.45,93.3
20.7,87.1,7.9,1802.9699999999998,47.5,91.6
24.7,100.0,4.7,2470.0,52.35,100.0
18.9,75.2,7.9,1421.28,41.550000000000004,100.0
15.1,100.0,8.1,1510.0,54.05,83.4
5.8,84.1,6.7,487.78,45.4,59.8
7.5,80.0,6.8,600.0,43.4,76.7
12.9,81.2,8.3,1047.48,44.75,86.0
10.7,96.3,6.7,1030.4099999999999,51.5,69.5
13.7,83.4,3.4,1142.58,43.400000000000006,98.7
15.4,92.8,8.5,1429.12,50.65,89.6
18.7,86.3,1.9,1613.81,44.1,95.3
14.5,81.3,4.7,1178.85,43.0,81.8
18.4,80.5,5.9,1481.1999999999998,43.2,100.0
15.5,74.7,6.4,1157.8500000000001,40.550000000000004,86.5
1.2,81.8,5.8,98.16,43.8,40.6
8.4,85.2,6.9,715.6800000000001,46.050000000000004,68.0
14.0,89.7,6.3,1255.8,48.0,88.0
6.5,91.1,6.0,592.15,48.55,77.6
19.2,85.1,4.4,1633.9199999999998,44.75,100.0
25.7,78.9,6.3,2027.73,42.6,100.0
23.5,96.4,5.4,2265.4,50.900000000000006,100.0
13.5,77.4,5.9,1044.9,41.650000000000006,97.1
25.4,68.5,5.1,1739.8999999999999,36.8,100.0
16.0,85.2,7.9,1363.2,46.550000000000004,83.9
12.6,63.7,4.0,802.62,33.85,95.1
10.7,98.2,8.1,1050.74,53.15,82.3
12.9,88.6,4.7,1142.94,46.65,91.0
12.3,93.8,7.2,1153.74,50.5,70.1
16.2,87.2,5.8,1412.6399999999999,46.5,94.2
16.1,89.6,5.9,1442.56,47.75,97.5
15.0,73.7,4.4,1105.5,39.050000000000004,88.7
18.1,89.6,3.9,1621.76,46.75,100.0
23.3,62.7,3.9,1460.91,33.300000000000004,100.0
21.6,91.0,10.0,1965.6000000000001,50.5,100.0
4.6,83.3,3.7,383.17999999999995,43.5,55.4
0.0,75.1,7.9,0.0,41.5,43.6
21.5,80.4,1.7,1728.6000000000001,41.050000000000004,87.5
5.4,84.4,8.0,455.76000000000005,46.2,57.2
13.4,88.2,8.4,1181.88,48.300000000000004,94.3
6.8,79.0,3.7,537.1999999999999,41.35,62.2
2.4,97.4,6.9,233.76,52.150000000000006,47.4
18.8,100.0,5.6,1880.0,52.8,100.0
20.3,75.6,3.6,1534.6799999999998,39.599999999999994,80.3
11.0,70.3,6.2,773.3,38.25,72.9
0.0,76.9,10.0,0.0,43.45,60.7
11.2,84.6,6.6,947.5199999999999,45.599999999999994,88.6
17.7,91.4,5.8,1617.78,48.6,82.9
4.6,82.9,8.2,381.34,45.550000000000004,61.4
16.3,86.5,5.2,1409.95,45.85,80.3
14.9,78.7,8.2,1172.63,43.45,74.3
19.1,83.8,2.9,1600.5800000000002,43.35,98.8
15.8,82.4,3.6,1301.92,43.0,80.6
8.2,71.8,8.5,588.7599999999999,40.15,40.1
23.4,100.0,7.6,2340.0,53.8,100.0
13.9,83.0,2.8,1153.7,42.9,100.0
14.8,95.5,4.3,1413.4,49.9,78.5
8.5,75.9,4.9,645.1500000000001,40.400000000000006,63.9
11.9,78.6,6.3,935.3399999999999,42.449999999999996,89.9
8.8,94.5,7.3,831.6,50.9,64.2
13.8,77.9,3.8,1075.0200000000002,40.85,81.9
27.0,92.7,10.0,2502.9,51.35,100.0
5.4,80.8,6.0,436.32,43.4,65.2
3.7,90.2,6.5,333.74,48.35,54.6
25.3,72.9,4.5,1844.3700000000001,38.7,100.0
13.5,83.6,5.3,1128.6,44.449999999999996,66.2
10.3,95.6,6.7,984.6800000000001,51.15,85.9
22.3,78.0,5.2,1739.4,41.6,95.6
10.8,89.4,5.5,965.5200000000001,47.45,76.8
27.8,89.7,4.4,2493.6600000000003,47.050000000000004,100.0
19.7,87.9,5.1,1731.63,46.5,94.4
11.6,91.0,7.0,1055.6,49.0,98.7
30.1,72.7,7.0,2188.27,39.85,100.0
10.8,64.0,4.9,691.2,34.45,61.6
20.2,91.0,4.9,1838.2,47.95,100.0
17.1,87.8,5.5,1501.38,46.65,94.1
24.1,71.3,3.9,1718.33,37.6,100.0
25.9,88.4,8.8,2289.56,48.6,100.0
15.2,85.9,4.5,1305.68,45.2,82.9
9.7,83.7,5.4,811.89,44.550000000000004,63.3
18.2,84.6,5.2,1539.7199999999998,44.9,93.0
10.3,83.2,10.0,856.96,46.6,68.4
29.1,75.4,1.4,2194.1400000000003,38.400000000000006,100.0
16.0,79.7,7.7,1275.2,43.7,100.0
12.4,83.4,4.1,1034.16,43.75,63.5
16.3,100.0,7.0,1630.0,53.5,91.8
5.6,99.2,7.9,555.52,53.550000000000004,53.1
8.2,99.3,7.0,814.2599999999999,53.15,53.4
23.4,88.8,0.6,2077.9199999999996,44.699999999999996,95.6
10.4,96.5,3.6,1003.6,50.05,80.9
7.7,56.1,4.6,431.97,30.35,56.7
18.8,76.8,8.7,1443.84,42.75,87.5
23.3,84.2,7.8,1961.8600000000001,46.0,100.0
20.0,90.9,5.5,1818.0,48.2,100.0
22.0,84.2,6.0,1852.4,45.1,100.0
9.7,64.4,4.8,624.6800000000001,34.6,52.9
5.0,96.4,3.6,482.0,50.0,67.4
25.5,74.8,5.6,1907.3999999999999,40.199999999999996,100.0
12.7,84.8,5.8,1076.9599999999998,45.3,76.7
13.2,87.9,2.8,1160.28,45.35,60.9
24.3,91.8,9.8,2230.74,50.8,100.0
18.9,88.8,5.7,1678.3199999999997,47.25,99.5
18.2,82.0,3.5,1492.3999999999999,42.75,100.0
30.2,76.2,7.1,2301.2400000000002,41.65,100.0
10.5,89.7,7.0,941.85,48.35,76.2
21.5,81.2,7.3,1745.8,44.25,100.0
15.4,86.5,4.8,1332.1000000000001,45.65,89.4
16.9,67.8,8.0,1145.82,37.9,90.4
25.7,89.7,7.2,2305.29,48.45,100.0
18.6,81.2,5.6,1510.3200000000002,43.4,91.9
18.8,74.1,4.9,1393.08,39.5,100.0
22.5,90.8,4.1,2043.0,47.449999999999996,100.0
12.4,79.7,7.7,988.2800000000001,43.7,74.9
9.1,78.7,9.7,716.17,44.2,46.7
7.7,72.6,7.6,559.02,40.099999999999994,66.0
1.2,90.6,8.1,108.71999999999998,49.349999999999994,50.3
29.4,93.1,7.5,2737.14,50.3,100.0
7.3,76.8,4.9,560.64,40.85,55.8
13.5,90.5,4.0,1221.75,47.25,84.8
13.1,69.1,8.6,905.2099999999999,38.849999999999994,88.4
17.2,83.6,3.9,1437.9199999999998,43.75,96.4
20.7,79.2,7.8,1639.44,43.5,100.0
21.0,78.9,9.1,1656.9,44.0,94.8
10.9,97.9,5.1,1067.1100000000001,51.5,77.5
13.8,90.3,4.5,1246.14,47.4,79.2
17.0,76.4,4.3,1298.8000000000002,40.35,93.1
13.3,83.3,7.7,1107.89,45.5,100.0
26.3,91.1,4.1,2395.93,47.599999999999994,100.0
18.4,91.5,2.1,1683.6,46.8,70.5
20.1,81.6,5.4,1640.16,43.5,95.8
19.6,87.7,7.2,1718.92,47.45,97.0
23.2,89.9,1.7,2085.6800000000003,45.800000000000004,100.0
16.3,70.5,8.4,1149.15,39.45,88.2
5.9,79.7,7.5,470.23,43.6,80.6
17.8,90.4,3.7,1609.1200000000001,47.050000000000004,93.0
10.4,68.1,6.8,708.24,37.449999999999996,50.3
11.3,92.5,5.0,1045.25,48.75,84.8
19.1,81.6,6.7,1558.56,44.15,100.0
23.7,82.8,4.6,1962.36,43.699999999999996,92.5
15.1,79.0,6.1,1192.8999999999999,42.55,86.2
17.2,74.2,5.6,1276.24,39.9,84.5
26.9,92.5,5.2,2488.25,48.85,93.9
16.7,69.9,8.3,1167.3300000000002,39.1,88.9
33.2,70.7,4.5,2347.2400000000002,37.6,100.0
19.0,79.9,7.7,1518.1000000000001,43.800000000000004,100.0
2.7,85.9,6.0,231.93000000000004,45.95,44.8
20.3,93.5,4.9,1898.05,49.2,100.0
17.7,84.8,8.6,1500.9599999999998,46.699999999999996,92.2
24.0,83.5,3.3,2004.0,43.4,100.0
19.7,78.6,2.2,1548.4199999999998,40.4,100.0
14.0,86.1,6.1,1205.3999999999999,46.099999999999994,93.4
6.4,73.6,5.1,471.03999999999996,39.349999999999994,66.5
13.5,73.8,4.0,996.3,38.9,83.1
9.0,78.0,4.5,702.0,41.25,66.8
10.9,92.4,3.1,1007.1600000000001,47.75,89.2
19.1,79.3,8.5,1514.63,43.9,94.0
26.7,75.8,7.2,2023.86,41.5,100.0
17.8,93.2,5.7,1658.96,49.45,90.5
6.6,100.0,6.0,660.0,53.0,63.5
18.1,81.3,4.5,1471.53,42.9,93.4
23.4,84.8,6.0,1984.3199999999997,45.4,87.3
10.7,76.6,10.0,819.6199999999999,43.3,89.9
14.1,88.1,3.2,1242.2099999999998,45.65,86.6
15.1,71.9,6.4,1085.69,39.150000000000006,88.0
9.5,93.9,2.2,892.0500000000001,48.050000000000004,63.3
19.5,80.8,6.6,1575.6,43.699999999999996,98.9
14.2,81.4,4.0,1155.88,42.7,87.0
17.9,79.7,2.8,1426.6299999999999,41.25,78.6
8.8,87.3,8.3,768.24,47.8,78.2
11.9,84.9,2.4,1010.3100000000001,43.650000000000006,84.0
20.1,100.0,7.0,2010.0000000000002,53.5,88.7
12.4,91.1,9.1,1129.6399999999999,50.099999999999994,92.6
27.1,68.4,2.6,1853.6400000000003,35.5,100.0
12.2,77.8,4.4,949.1599999999999,41.1,79.3
16.6,87.7,4.5,1455.8200000000002,46.1,92.6
21.5,100.0,4.9,2150.0,52.45,100.0
5.1,75.6,7.8,385.55999999999995,41.699999999999996,54.4
2.7,99.9,6.9,269.73,53.400000000000006,56.1
4.3,73.1,6.8,314.33,39.949999999999996,54.7
23.8,89.7,4.4,2134.86,47.050000000000004,100.0
11.1,91.4,6.3,1014.5400000000001,48.85,100.0
32.9,91.6,4.8,3013.64,48.199999999999996,100.0
11.1,96.0,3.1,1065.6,49.55,78.5
16.3,86.0,4.3,1401.8,45.15,75.6
25.8,89.2,5.4,2301.36,47.300000000000004,100.0
29.0,85.5,4.5,2479.5,45.0,100.0
29.4,81.1,7.7,2384.3399999999997,44.4,100.0
23.5,96.0,1.5,2256.0,48.75,100.0
22.2,74.0,5.7,1642.8,39.85,100.0
19.1,84.3,4.1,1610.13,44.199999999999996,95.2
20.4,80.5,5.6,1642.1999999999998,43.05,100.0
11.1,81.1,6.4,900.2099999999999,43.75,80.1
9.3,70.3,8.5,653.7900000000001,39.4,77.7
15.0,74.3,3.5,1114.5,38.9,98.3
13.8,79.8,3.0,1101.24,41.4,73.8
11.8,86.8,5.5,1024.24,46.15,50.6
19.9,78.5,5.5,1562.1499999999999,42.0,100.0
21.7,83.3,6.5,1807.61,44.9,100.0
15.6,80.6,5.7,1257.36,43.15,100.0
25.3,86.2,4.8,2180.86,45.5,100.0
7.0,78.2,7.2,547.4,42.7,58.1
13.6,86.6,4.1,1177.76,45.349999999999994,75.6
10.0,79.7,3.0,797.0,41.35,67.7
1.9,98.3,5.3,186.76999999999998,51.8,70.1
14.4,94.3,7.7,1357.92,51.0,98.3
14.1,82.2,4.4,1159.02,43.300000000000004,85.3
25.6,96.1,3.1,2460.16,49.599999999999994,93.4
19.4,73.1,6.2,1418.1399999999999,39.65,92.2
7.8,91.0,9.2,709.8,50.1,77.8
28.0,87.5,7.9,2450.0,47.7,100.0
23.5,76.3,5.0,1793.05,40.65,100.0
19.1,89.2,2.1,1703.7200000000003,45.65,98.6
13.4,87.3,8.2,1169.82,47.75,96.9
8.3,100.0,5.7,830.0000000000001,52.85,75.4
12.4,96.5,9.1,1196.6000000000001,52.8,81.8
22.6,83.2,1.4,1880.3200000000002,42.300000000000004,100.0
28.2,99.1,5.5,2794.62,52.3,100.0
25.8,70.0,9.7,1806.0,39.85,100.0
11.6,86.2,3.1,999.92,44.65,76.9
7.2,74.6,7.4,537.12,41.0,62.9
16.0,100.0,3.9,1600.0,51.95,94.0
2.6,100.0,4.5,260.0,52.25,49.2
17.3,81.9,6.0,1416.8700000000001,43.95,89.7
14.0,82.8,8.0,1159.2,45.4,91.8
11.7,81.3,4.4,951.2099999999999,42.85,89.8
3.8,88.5,6.6,336.3,47.55,55.6
18.6,72.4,9.5,1346.64,40.95,98.7
11.3,94.1,6.6,1063.33,50.349999999999994,79.7
6.8,80.0,7.0,544.0,43.5,55.9
0.0,96.5,6.2,0.0,51.35,34.7
14.8,73.9,1.6,1093.72,37.75,100.0
27.4,73.9,5.5,2024.8600000000001,39.7,100.0
26.6,96.1,6.9,2556.2599999999998,51.5,100.0
11.8,98.8,10.0,1165.8400000000001,54.4,91.8
10.8,80.2,5.3,866.1600000000001,42.75,89.2
18.3,82.7,4.6,1513.41,43.65,97.3
8.0,83.5,6.6,668.0,45.05,68.9
17.1,93.2,10.0,1593.7200000000003,51.6,90.9
20.4,84.9,4.2,1731.96,44.550000000000004,96.1
23.6,76.9,9.0,1814.8400000000001,42.95,100.0
14.3,87.3,6.4,1248.39,46.85,79.0
13.6,98.4,2.6,1338.24,50.5,87.7
8.9,93.2,9.2,829.48,51.2,64.1
9.2,92.9,7.8,854.68,50.35,74.7
13.4,83.3,6.4,1116.22,44.85,95.3
17.6,66.4,3.4,1168.64,34.900000000000006,93.4
21.4,98.4,7.5,2105.7599999999998,52.95,100.0
9.4,83.4,3.0,783.96,43.2,77.8
25.4,92.3,2.1,2344.4199999999996,47.199999999999996,100.0
13.1,58.2,5.9,762.4200000000001,32.050000000000004,92.5
14.9,90.7,2.2,1351.43,46.45,72.3
9.8,96.7,2.8,947.6600000000001,49.75,65.0
0.0,81.6,7.2,0.0,44.4,46.6
21.2,79.2,9.2,1679.04,44.2,100.0
20.2,91.1,7.2,1840.2199999999998,49.15,99.2
13.0,80.9,4.6,1051.7,42.75,70.4
15.5,70.1,4.8,1086.55,37.449999999999996,89.6
18.6,93.0,5.3,1729.8000000000002,49.15,93.0
4.1,96.1,4.0,394.00999999999993,50.05,63.4
11.3,96.4,5.2,1089.3200000000002,50.800000000000004,93.2
20.6,93.5,8.0,1926.1000000000001,50.75,95.4
6.2,86.6,4.2,536.92,45.4,78.6
17.1,83.2,3.8,1422.7200000000003,43.5,88.8
5.5,91.4,1.6,502.70000000000005,46.5,63.2
18.3,98.6,8.0,1804.3799999999999,53.3,88.9
14.8,74.3,5.7,1099.64,40.0,95.4
3.7,77.0,6.5,284.90000000000003,41.75,48.8
23.2,80.2,6.2,1860.64,43.2,90.8
9.9,88.3,4.2,874.17,46.25,76.3
9.3,84.5,6.7,785.85,45.6,77.2
16.4,94.6,8.1,1551.4399999999998,51.349999999999994,94.9
23.0,88.6,5.2,2037.8,46.9,77.5
7.9,69.6,6.5,549.84,38.05,78.6
15.4,66.3,8.6,1021.02,37.449999999999996,95.8
18.0,91.5,3.4,1647.0,47.45,100.0
19.9,100.0,6.1,1989.9999999999998,53.05,93.5
16.2,76.4,4.1,1237.68,40.25,84.5
12.4,90.8,8.7,1125.92,49.75,82.6
9.2,84.7,3.1,779.24,43.9,71.5
15.6,100.0,2.8,1560.0,51.4,93.1
7.5,86.0,6.3,645.0,46.15,80.2
0.0,84.6,8.2,0.0,46.4,66.0
18.1,93.5,5.2,1692.3500000000001,49.35,100.0
21.3,94.0,8.8,2002.2,51.4,100.0
0.0,90.0,7.4,0.0,48.7,57.5
7.9,98.5,3.6,778.1500000000001,51.05,49.0
19.3,93.8,6.2,1810.34,50.0,87.5
29.4,100.0,6.2,2940.0,53.1,100.0
15.1,71.5,6.6,1079.6499999999999,39.05,100.0
9.9,74.8,8.6,740.52,41.699999999999996,66.3
13.7,86.5,7.6,1185.05,47.05,63.6
24.6,72.5,7.5,1783.5,40.0,100.0
10.5,82.5,5.0,866.25,43.75,79.8
9.4,79.1,5.6,743.54,42.349999999999994,80.7
11.6,88.6,6.0,1027.76,47.3,79.8
8.3,78.8,6.1,654.0400000000001,42.449999999999996,50.1
15.9,78.5,6.5,1248.15,42.5,78.4
26.4,84.8,8.6,2238.72,46.699999999999996,100.0
17.3,86.7,6.0,1499.91,46.35,96.1
13.2,63.8,9.8,842.16,36.8,74.0
13.0,92.8,6.7,1206.3999999999999,49.75,84.9
4.1,85.3,8.9,349.72999999999996,47.1,75.9
21.2,91.2,4.9,1933.44,48.050000000000004,100.0
14.5,90.2,9.1,1307.9,49.65,98.6
13.7,70.3,6.1,963.1099999999999,38.199999999999996,70.2
37.4,81.5,0.0,3048.1,40.75,100.0
17.1,84.6,3.6,1446.66,44.099999999999994,92.4
9.7,83.4,7.2,808.98,45.300000000000004,87.9
12.0,75.3,2.6,903.5999999999999,38.949999999999996,64.3
23.0,74.3,5.0,1708.8999999999999,39.65,100.0
15.8,86.2,8.4,1361.96,47.300000000000004,98.7
4.9,100.0,10.0,490.00000000000006,55.0,80.3
21.4,75.7,7.8,1619.98,41.75,100.0
10.3,88.6,3.7,912.58,46.15,82.4
28.1,100.0,3.4,2810.0,51.7,100.0
22.6,86.2,6.7,1948.1200000000001,46.45,87.9
11.9,100.0,5.0,1190.0,52.5,78.0
24.0,100.0,3.4,2400.0,51.7,100.0
15.5,100.0,7.7,1550.0,53.85,84.2
21.0,91.9,5.4,1929.9,48.650000000000006,93.6
18.4,100.0,6.4,1839.9999999999998,53.2,95.8
9.1,91.1,6.0,829.0099999999999,48.55,87.0
10.5,98.7,5.2,1036.3500000000001,51.95,63.9
22.2,81.1,8.1,1800.4199999999998,44.599999999999994,93.1
12.7,96.3,5.9,1223.01,51.1,89.8
12.2,89.5,6.2,1091.8999999999999,47.85,96.2
8.3,78.8,6.1,654.0400000000001,42.449999999999996,62.8
18.0,76.3,5.7,1373.3999999999999,41.0,95.4
29.4,89.0,9.0,2616.6,49.0,100.0
7.5,97.4,7.9,730.5,52.650000000000006,74.1
15.2,87.7,5.7,1333.04,46.7,100.0
24.9,100.0,7.4,2490.0,53.7,100.0
14.4,81.6,6.5,1175.04,44.05,81.9
18.2,79.3,4.4,1443.26,41.85,100.0
7.6,74.7,7.1,567.72,40.9,78.2
18.0,92.4,3.6,1663.2,48.0,73.4
13.7,93.3,5.3,1278.2099999999998,49.3,78.0
21.9,89.4,10.0,1957.86,49.7,100.0
23.3,95.7,5.3,2229.81,50.5,100.0
33.1,83.8,7.0,2773.78,45.4,100.0
19.1,85.9,5.6,1640.6900000000003,45.75,100.0
17.3,96.9,2.9,1676.3700000000001,49.900000000000006,100.0
16.4,86.6,4.3,1420.2399999999998,45.449999999999996,85.8
12.5,83.6,3.9,1045.0,43.75,98.1
17.4,72.5,5.8,1261.5,39.15,96.9
12.9,81.0,2.5,1044.9,41.75,84.3
16.2,81.5,4.2,1320.3,42.85,100.0
24.2,76.0,7.7,1839.2,41.85,99.8
8.0,93.1,7.1,744.8,50.099999999999994,69.8
23.0,70.4,5.5,1619.2,37.95,100.0
24.2,95.8,5.6,2318.3599999999997,50.699999999999996,100.0
14.2,77.0,6.5,1093.3999999999999,41.75,82.6
0.1,91.9,7.6,9.190000000000001,49.75,62.6
10.7,80.2,2.5,858.14,41.35,85.9
24.1,100.0,7.1,2410.0,53.55,100.0
14.8,97.9,2.2,1448.92,50.050000000000004,85.6
8.0,87.4,4.5,699.2,45.95,82.8
11.5,100.0,7.2,1150.0,53.6,53.6
20.9,94.1,1.4,1966.6899999999998,47.75,100.0
18.8,92.9,5.4,1746.5200000000002,49.150000000000006,89.9
13.3,98.6,5.2,1311.3799999999999,51.9,98.3
12.4,54.1,6.8,670.84,30.45,83.9
12.3,90.9,4.6,1118.0700000000002,47.75,71.7
8.5,88.7,4.2,753.95,46.45,61.4
26.3,97.3,2.1,2558.99,49.699999999999996,100.0
12.7,77.8,6.4,988.06,42.1,95.8
23.5,86.6,7.7,2035.1,47.15,100.0
25.6,90.8,9.2,2324.48,50.0,100.0
22.0,68.6,8.3,1509.1999999999998,38.449999999999996,100.0
12.0,90.8,4.6,1089.6,47.699999999999996,85.4
17.8,70.8,5.6,1260.24,38.199999999999996,99.5
14.8,100.0,5.8,1480.0,52.9,100.0
8.7,85.8,6.8,746.4599999999999,46.3,50.4
17.3,69.7,8.2,1205.8100000000002,38.95,95.4
6.7,86.2,7.1,577.5400000000001,46.65,73.6
23.3,90.6,4.1,2110.98,47.349999999999994,100.0
11.7,90.7,5.3,1061.19,48.0,85.8
16.4,83.4,5.1,1367.76,44.25,85.3
17.0,64.4,8.5,1094.8000000000002,36.45,97.8
13.2,73.0,6.7,963.5999999999999,39.85,77.4
19.1,89.7,10.0,1713.2700000000002,49.85,81.3
11.7,84.4,5.1,987.48,44.75,72.3
21.1,75.8,4.3,1599.38,40.05,83.8
5.6,80.4,7.4,450.24,43.900000000000006,74.8
15.9,84.2,5.6,1338.78,44.9,100.0
28.6,80.6,7.1,2305.16,43.849999999999994,100.0
8.0,60.6,4.7,484.8,32.65,60.5
10.3,71.1,8.9,732.33,40.0,78.6
18.6,79.3,2.9,1474.98,41.1,98.8
16.3,85.5,4.6,1393.65,45.05,100.0
17.5,78.7,5.8,1377.25,42.25,100.0
18.4,87.0,4.8,1600.8,45.9,100.0
19.4,93.9,5.2,1821.66,49.550000000000004,100.0
22.8,100.0,8.5,2280.0,54.25,96.8
17.9,78.2,4.7,1399.78,41.45,95.4
13.3,100.0,4.4,1330.0,52.2,75.8
19.7,77.3,4.0,1522.81,40.65,100.0
28.3,90.9,6.0,2572.4700000000003,48.45,100.0
14.1,90.5,6.9,1276.05,48.7,76.3
8.2,85.4,8.7,700.28,47.050000000000004,63.1
22.7,75.3,6.3,1709.31,40.8,100.0
14.2,78.3,6.7,1111.86,42.5,79.8
0.0,96.4,6.8,0.0,51.6,53.8
20.9,95.2,3.0,1989.6799999999998,49.1,100.0
11.3,81.3,5.6,918.69,43.449999999999996,85.2
14.4,75.6,5.6,1088.6399999999999,40.599999999999994,87.0
17.3,85.7,8.3,1482.6100000000001,47.0,91.0
16.3,94.2,4.6,1535.46,49.4,89.7
20.0,67.3,7.6,1346.0,37.449999999999996,99.4
12.0,91.6,4.6,1099.1999999999998,48.099999999999994,87.3
18.6,83.2,7.7,1547.5200000000002,45.45,97.1
13.2,100.0,6.4,1320.0,53.2,87.7
20.2,75.4,5.6,1523.0800000000002,40.5,100.0
19.3,79.0,5.8,1524.7,42.4,100.0
8.5,87.3,5.3,742.05,46.3,86.8
22.6,84.8,7.3,1916.48,46.05,98.3
11.2,87.5,8.2,979.9999999999999,47.85,91.0
20.7,94.1,6.2,1947.87,50.15,99.9
17.6,90.8,7.2,1598.0800000000002,49.0,92.6
27.9,76.9,4.1,2145.51,40.5,100.0
13.4,79.5,8.6,1065.3,44.05,87.7
12.6,92.8,4.8,1169.28,48.8,82.4
14.9,83.5,7.1,1244.15,45.3,92.5
12.9,91.3,5.6,1177.77,48.449999999999996,90.2
20.6,70.8,4.9,1458.48,37.85,96.1
3.7,79.8,4.7,295.26,42.25,57.1
7.6,100.0,4.4,760.0,52.2,65.2
7.5,76.5,4.8,573.75,40.65,74.1
21.7,75.5,6.3,1638.35,40.9,100.0
27.0,82.3,4.8,2222.1,43.55,100.0
14.3,87.6,2.7,1252.68,45.15,94.7
13.8,88.2,9.7,1217.16,48.95,68.8
15.5,92.9,6.7,1439.95,49.800000000000004,83.1
23.1,72.5,8.3,1674.75,40.4,96.1
8.5,73.4,3.6,623.9000000000001,38.5,63.0
16.7,75.5,6.6,1260.85,41.05,91.6
21.8,91.5,6.5,1994.7,49.0,100.0
18.5,77.0,7.3,1424.5,42.15,87.0
16.3,95.0,6.5,1548.5,50.75,91.5
22.0,67.2,9.4,1478.4,38.300000000000004,99.2
0.0,89.0,6.1,0.0,47.55,60.7
19.7,84.5,6.8,1664.6499999999999,45.65,100.0
10.4,98.1,6.5,1020.24,52.3,87.8
2.2,95.2,5.0,209.44000000000003,50.1,52.6
18.6,89.1,5.0,1657.26,47.05,81.3
24.6,100.0,7.1,2460.0,53.55,100.0
14.0,86.1,4.9,1205.3999999999999,45.5,100.0
21.7,95.7,7.7,2076.69,51.7,97.4
26.3,82.3,5.9,2164.49,44.1,100.0
24.2,91.9,6.3,2223.98,49.1,100.0
26.5,74.2,4.7,1966.3000000000002,39.45,100.0
20.2,80.6,5.0,1628.12,42.8,100.0
15.5,82.4,9.2,1277.2,45.800000000000004,97.8
3.8,74.1,8.9,281.58,41.5,49.3
13.3,73.5,4.0,977.5500000000001,38.75,93.1
9.1,75.5,5.4,687.05,40.45,44.6
30.2,82.7,8.6,2497.54,45.65,100.0
13.8,100.0,5.3,1380.0,52.65,96.9
15.9,88.6,0.0,1408.74,44.3,100.0
18.9,93.9,3.4,1774.71,48.650000000000006,100.0
15.3,84.0,5.7,1285.2,44.85,89.0
26.9,98.0,5.2,2636.2,51.6,100.0
10.6,93.7,7.3,993.22,50.5,73.5
16.4,76.6,3.9,1256.2399999999998,40.25,76.9
9.8,86.9,9.6,851.6200000000001,48.25,65.5
5.8,79.0,8.5,458.2,43.75,58.8
10.7,95.6,8.2,1022.9199999999998,51.9,80.2
14.7,77.1,6.9,1133.37,42.0,84.3
12.0,90.2,7.3,1082.4,48.75,64.5
10.2,88.0,8.9,897.5999999999999,48.45,66.3
5.2,91.5,4.6,475.8,48.05,56.0
14.4,90.9,4.6,1308.96,47.75,79.5
4.5,100.0,5.7,450.0,52.85,40.7
20.3,85.2,6.2,1729.5600000000002,45.7,73.2
15.6,79.0,6.6,1232.3999999999999,42.8,83.1
4.8,81.4,7.1,390.72,44.25,63.0
12.8,79.9,6.0,1022.7200000000001,42.95,82.9
9.7,72.4,7.9,702.28,40.150000000000006,76.4
17.2,88.7,6.6,1525.6399999999999,47.65,98.8
24.4,70.3,4.8,1715.32,37.55,100.0
1.9,95.8,4.3,182.01999999999998,50.05,65.2
15.8,87.0,6.5,1374.6000000000001,46.75,71.0
13.9,84.6,4.6,1175.94,44.599999999999994,92.8
19.7,93.1,5.9,1834.0699999999997,49.5,100.0
16.5,67.3,9.8,1110.45,38.55,97.8
9.7,74.4,6.2,721.68,40.300000000000004,53.1
12.8,77.3,4.3,989.44,40.8,83.7
9.4,72.9,3.8,685.2600000000001,38.35,79.4
22.5,98.7,8.7,2220.75,53.7,94.7
15.1,88.1,6.1,1330.31,47.099999999999994,90.5
28.3,81.9,8.6,2317.7700000000004,45.25,100.0
14.6,80.0,4.5,1168.0,42.25,88.4
10.0,100.0,5.8,1000.0,52.9,61.9
4.4,78.7,9.5,346.28000000000003,44.1,61.3
2.4,84.3,7.8,202.32,46.05,60.9
3.9,86.4,10.0,336.96000000000004,48.2,57.8
16.9,74.5,3.9,1259.05,39.2,99.1
18.6,84.5,2.0,1571.7,43.25,93.9
3.9,79.3,5.4,309.27,42.35,65.6
21.3,89.9,5.8,1914.8700000000001,47.85,95.5
11.6,98.8,8.6,1146.08,53.699999999999996,78.7
16.0,86.7,3.3,1387.2,45.0,100.0
26.3,81.8,8.2,2151.34,45.0,100.0
21.3,84.6,6.0,1801.98,45.3,100.0
13.1,85.4,5.7,1118.74,45.550000000000004,96.6
8.8,100.0,7.3,880.0000000000001,53.65,76.9
0.0,81.5,5.6,0.0,43.55,36.6
10.0,96.0,7.8,960.0,51.9,87.1
13.5,78.5,8.3,1059.75,43.4,89.1
8.1,79.3,5.4,642.3299999999999,42.35,77.6
14.1,86.8,8.2,1223.8799999999999,47.5,88.1
15.5,80.9,5.4,1253.95,43.150000000000006,86.5
13.4,100.0,6.0,1340.0,53.0,91.3
10.4,87.7,6.0,912.08,46.85,74.6
16.2,83.0,6.7,1344.6,44.85,85.4
18.1,74.5,0.4,1348.45,37.45,100.0
7.4,90.6,2.9,670.4399999999999,46.75,85.7
24.9,74.3,7.6,1850.07,40.949999999999996,100.0
14.3,86.8,5.9,1241.24,46.35,81.4
15.1,78.4,2.7,1183.8400000000001,40.550000000000004,86.3
20.0,82.1,8.4,1642.0,45.25,88.7
16.6,71.8,6.2,1191.88,39.0,88.8
21.7,79.6,8.7,1727.3199999999997,44.15,99.2
17.0,83.6,4.3,1421.1999999999998,43.949999999999996,100.0
10.7,79.5,2.9,850.65,41.2,90.3
17.5,74.1,5.7,1296.75,39.9,100.0
7.0,87.2,5.6,610.4,46.4,62.5
15.8,90.9,3.8,1436.2200000000003,47.35,100.0
14.8,85.1,4.9,1259.48,45.0,72.7
13.5,83.9,7.5,1132.65,45.7,77.2
14.1,93.0,10.0,1311.3,51.5,87.2
1.8,100.0,1.5,180.0,50.75,55.9
11.2,77.5,6.3,868.0,41.9,77.5
15.6,80.8,6.6,1260.48,43.699999999999996,96.1
16.1,73.7,6.1,1186.5700000000002,39.9,94.3
7.8,80.9,5.6,631.02,43.25,71.7
23.9,86.4,3.7,2064.96,45.050000000000004,100.0
8.9,74.5,9.1,663.0500000000001,41.8,74.1
21.8,86.8,3.4,1892.24,45.1,100.0
18.0,79.1,2.4,1423.8,40.75,100.0
10.5,67.7,8.2,710.85,37.95,79.0
27.4,96.8,5.6,2652.3199999999997,51.199999999999996,100.0
6.6,82.3,6.5,543.18,44.4,63.0
21.4,80.9,6.3,1731.26,43.6,100.0
22.0,80.1,7.1,1762.1999999999998,43.599999999999994,100.0
10.3,81.4,8.1,838.4200000000001,44.75,73.4
24.7,80.7,1.2,1993.29,40.95,100.0
13.2,88.4,3.4,1166.88,45.900000000000006,99.1
17.0,82.5,6.2,1402.5,44.35,98.7
16.8,77.7,9.3,1305.3600000000001,43.5,98.0
14.1,87.7,8.9,1236.57,48.300000000000004,89.4
20.7,80.2,5.7,1660.14,42.95,100.0
20.6,95.9,6.9,1975.5400000000002,51.400000000000006,100.0
2.8,100.0,6.2,280.0,53.1,71.7
24.1,88.3,4.5,2128.03,46.4,100.0
3.4,62.3,9.0,211.82,35.65,79.5
22.2,100.0,6.1,2220.0,53.05,96.4
22.9,99.8,4.7,2285.4199999999996,52.25,100.0
7.4,93.1,5.7,688.9399999999999,49.4,75.0
12.1,91.6,5.7,1108.36,48.65,100.0
7.3,84.6,5.5,617.5799999999999,45.05,66.4
13.5,83.4,8.8,1125.9,46.1,73.8
12.8,96.2,8.4,1231.3600000000001,52.300000000000004,77.0
20.5,89.0,8.2,1824.5,48.6,100.0
24.2,89.7,7.7,2170.74,48.7,100.0
24.8,73.7,3.3,1827.7600000000002,38.5,100.0
11.1,91.9,7.2,1020.09,49.550000000000004,71.7
13.5,82.3,5.3,1111.05,43.8,78.5
3.2,87.9,4.6,281.28000000000003,46.25,89.1
9.4,85.2,7.4,800.8800000000001,46.300000000000004,71.6
21.8,83.8,3.0,1826.84,43.4,96.4
26.3,73.9,6.4,1943.5700000000002,40.150000000000006,100.0
6.4,82.7,5.2,529.2800000000001,43.95,63.2
10.9,97.3,6.8,1060.57,52.05,57.2
14.8,87.0,5.6,1287.6000000000001,46.3,88.0
17.0,92.7,7.7,1575.9,50.2,90.5
9.3,93.5,7.1,869.5500000000001,50.3,74.3
18.0,82.5,5.7,1485.0,44.1,86.1
11.7,66.2,4.8,774.54,35.5,86.1
14.9,90.9,6.8,1354.41,48.85,88.6
18.8,84.2,6.9,1582.96,45.550000000000004,89.0
15.0,80.8,4.2,1212.0,42.5,100.0
11.9,96.8,6.7,1151.92,51.75,67.3
14.2,80.2,5.4,1138.84,42.800000000000004,79.2
14.4,91.6,7.8,1319.04,49.699999999999996,97.2
12.4,80.8,3.3,1001.92,42.05,82.9
13.2,91.3,5.6,1205.1599999999999,48.449999999999996,69.6
26.2,89.7,6.9,2350.14,48.300000000000004,100.0
18.9,87.0,4.1,1644.3,45.55,100.0
12.9,84.7,7.7,1092.63,46.2,81.9
19.9,84.6,8.0,1683.5399999999997,46.3,100.0
12.7,100.0,5.9,1270.0,52.95,95.5
23.2,80.7,6.0,1872.24,43.35,97.5
17.6,63.4,5.4,1115.8400000000001,34.4,77.8
14.2,77.6,7.7,1101.9199999999998,42.65,99.0
18.1,72.0,9.7,1303.2,40.85,87.4
4.0,94.2,3.1,376.8,48.65,59.3
7.1,88.8,6.8,630.4799999999999,47.8,86.8
6.6,86.7,5.0,572.22,45.85,63.8
16.0,90.4,5.7,1446.4,48.050000000000004,100.0
27.1,96.5,7.2,2615.15,51.85,100.0
30.6,81.1,3.2,2481.66,42.15,100.0
19.5,78.9,7.2,1538.5500000000002,43.050000000000004,100.0
18.5,77.0,8.4,1424.5,42.7,100.0
2.4,100.0,6.1,240.0,53.05,42.2
11.2,88.2,5.0,987.8399999999999,46.6,84.9
9.5,83.7,2.3,795.15,43.0,66.0
10.7,92.3,6.2,987.6099999999999,49.25,63.8
13.8,64.7,6.8,892.8600000000001,35.75,76.1
11.7,82.7,5.5,967.5899999999999,44.1,84.8
1.1,100.0,4.9,110.00000000000001,52.45,62.5
20.2,89.9,2.5,1815.98,46.2,88.8
7.5,81.2,5.5,609.0,43.35,88.8
16.7,68.4,5.3,1142.28,36.85,73.8
29.5,91.7,5.5,2705.15,48.6,100.0
8.6,83.0,4.0,713.8,43.5,82.4
0.0,73.1,4.8,0.0,38.949999999999996,59.2
13.0,70.0,5.1,910.0,37.55,76.7
22.7,84.0,7.4,1906.8,45.7,99.5
28.7,68.5,5.4,1965.95,36.95,100.0
6.4,70.8,7.2,453.12,39.0,69.9
18.5,84.0,5.3,1554.0,44.65,93.4
11.7,87.0,5.0,1017.9,46.0,60.1
14.3,67.8,4.8,969.54,36.3,76.4
33.5,74.4,9.6,2492.4,42.0,100.0
4.5,88.7,1.8,399.15000000000003,45.25,74.1
16.8,79.4,5.9,1333.92,42.650000000000006,100.0
18.3,97.2,4.3,1778.7600000000002,50.75,94.8
22.6,65.9,3.3,1489.3400000000001,34.6,100.0
15.7,87.4,5.0,1372.18,46.2,92.9
17.2,72.0,10.0,1238.3999999999999,41.0,100.0
12.3,94.9,5.4,1167.2700000000002,50.150000000000006,71.0
16.9,87.4,6.3,1477.06,46.85,98.6
12.6,77.0,5.3,970.1999999999999,41.15,67.5
19.4,93.2,5.9,1808.08,49.550000000000004,84.3
12.4,100.0,5.2,1240.0,52.6,66.4
17.6,83.9,6.9,1476.6400000000003,45.400000000000006,92.2
14.8,93.7,8.6,1386.7600000000002,51.15,95.7
22.9,73.5,3.4,1683.1499999999999,38.45,100.0
14.6,95.7,6.9,1397.22,51.300000000000004,68.6
2.6,89.9,6.5,233.74,48.2,54.9
23.8,78.1,4.5,1858.78,41.3,100.0
8.7,77.7,10.0,675.99,43.85,62.9
10.4,80.2,6.2,834.08,43.2,66.3
10.8,95.8,8.1,1034.64,51.949999999999996,73.0
24.6,85.6,8.9,2105.7599999999998,47.25,100.0
0.1,90.4,9.1,9.040000000000001,49.75,54.9
37.0,86.8,7.5,3211.6,47.15,100.0
22.4,96.4,5.6,2159.36,51.0,100.0
16.6,100.0,8.7,1660.0000000000002,54.35,87.5
14.6,75.1,3.4,1096.4599999999998,39.25,75.6
17.0,94.9,6.9,1613.3000000000002,50.900000000000006,92.9
18.6,79.0,7.4,1469.4,43.2,76.0
19.5,92.4,6.9,1801.8000000000002,49.650000000000006,100.0
18.9,71.9,6.0,1358.91,38.95,87.2
15.6,76.6,7.9,1194.9599999999998,42.25,95.9
13.6,98.4,6.8,1338.24,52.6,80.0
13.9,89.1,7.7,1238.49,48.4,70.0
13.6,90.2,3.4,1226.72,46.800000000000004,93.3
22.9,84.4,5.1,1932.76,44.75,100.0
19.2,82.5,7.2,1584.0,44.85,100.0
0.0,93.4,5.0,0.0,49.2,51.4
19.6,88.1,3.7,1726.76,45.9,94.5
16.4,86.5,5.2,1418.6,45.85,97.2
14.9,77.7,6.0,1157.73,41.85,81.7
12.3,79.7,5.3,980.3100000000001,42.5,62.5
22.9,71.4,4.0,1635.06,37.7,100.0
21.6,81.0,6.1,1749.6000000000001,43.55,90.0
9.6,100.0,7.6,960.0,53.8,67.5
17.8,85.7,7.5,1525.46,46.6,100.0
8.2,100.0,2.4,819.9999999999999,51.2,45.7
5.3,86.4,6.0,457.92,46.2,44.4
10.6,96.3,4.6,1020.78,50.449999999999996,71.0
21.0,69.1,5.1,1451.1,37.099999999999994,100.0
21.7,75.6,9.5,1640.5199999999998,42.55,100.0
18.6,91.9,5.7,1709.3400000000001,48.800000000000004,100.0
20.1,86.5,6.9,1738.65,46.7,100.0
18.6,100.0,4.3,1860.0000000000002,52.15,100.0
10.5,87.7,8.4,920.85,48.050000000000004,71.4
18.0,83.0,6.4,1494.0,44.7,90.6
20.6,83.5,6.9,1720.1000000000001,45.2,99.1
20.3,91.6,4.4,1859.48,48.0,100.0
23.3,83.1,7.9,1936.23,45.5,100.0
20.0,74.2,9.1,1484.0,41.65,100.0
17.5,87.7,4.5,1534.75,46.1,100.0
22.5,81.5,6.2,1833.75,43.85,100.0
14.8,98.0,8.8,1450.4,53.4,75.0
8.8,92.5,4.7,814.0000000000001,48.6,51.5
13.9,90.2,6.1,1253.78,48.15,85.6
9.8,89.0,9.1,872.2,49.05,83.9
10.3,88.1,8.6,907.43,48.349999999999994,59.8
14.0,81.4,6.5,1139.6000000000001,43.95,93.9
9.5,100.0,4.7,950.0,52.35,64.3
12.8,86.5,3.3,1107.2,44.9,81.4
1.7,93.0,6.6,158.1,49.8,51.2
16.5,100.0,4.9,1650.0,52.45,72.4
15.0,87.6,3.4,1314.0,45.5,76.2
9.3,79.6,8.5,740.28,44.05,65.8
19.6,100.0,3.9,1960.0000000000002,51.95,99.1
21.6,89.4,4.7,1931.0400000000002,47.050000000000004,100.0
3.7,91.4,6.2,338.18000000000006,48.800000000000004,45.1
9.7,95.4,4.2,925.38,49.800000000000004,78.9
9.6,94.2,7.7,904.32,50.95,62.5
8.4,100.0,5.1,840.0,52.55,53.7
20.8,75.3,3.2,1566.24,39.25,85.9
13.6,77.6,6.5,1055.36,42.05,79.8
13.1,86.0,6.2,1126.6,46.1,81.4
1.0,100.0,6.5,100.0,53.25,45.4
19.4,86.2,7.2,1672.28,46.7,100.0
6.3,82.7,7.3,521.01,45.0,61.9
15.4,90.4,3.4,1392.16,46.900000000000006,84.1
16.9,81.1,7.9,1370.5899999999997,44.5,93.6
24.5,78.9,4.1,1933.0500000000002,41.5,100.0
5.8,70.2,2.0,407.16,36.1,66.4
0.0,100.0,8.6,0.0,54.3,52.5
16.3,65.4,6.7,1066.0200000000002,36.050000000000004,94.0
27.6,87.9,1.8,2426.0400000000004,44.85,100.0
23.7,93.6,4.8,2218.3199999999997,49.199999999999996,100.0
16.5,88.6,4.5,1461.8999999999999,46.55,98.1
11.6,85.1,4.9,987.1599999999999,45.0,61.1
20.6,70.2,0.0,1446.1200000000001,35.1,100.0
8.2,72.7,5.1,596.14,38.9,58.0
18.3,83.9,5.3,1535.3700000000001,44.6,98.9
18.5,68.3,7.9,1263.55,38.1,72.8
22.4,65.6,4.9,1469.4399999999998,35.25,91.3
34.3,81.6,4.2,2798.8799999999997,42.9,100.0
17.7,77.9,7.4,1378.8300000000002,42.650000000000006,90.1
11.4,82.7,6.7,942.7800000000001,44.7,74.4
14.8,67.7,7.0,1001.96,37.35,91.2
2.6,62.5,4.3,162.5,33.4,67.3
10.1,82.4,4.5,832.24,43.45,67.3
12.1,76.2,10.0,922.02,43.1,67.0
11.3,94.0,5.2,1062.2,49.6,75.6
16.1,76.9,4.2,1238.0900000000001,40.550000000000004,74.5
9.2,94.6,6.5,870.3199999999999,50.55,79.9
22.8,62.2,8.6,1418.16,35.4,100.0
15.0,84.6,5.7,1269.0,45.15,94.1
14.9,75.8,9.3,1129.42,42.55,85.0
12.7,97.4,6.5,1236.98,51.95,79.1
16.1,81.8,6.0,1316.98,43.9,94.7
20.8,89.0,5.0,1851.2,47.0,100.0
8.9,77.9,1.8,693.3100000000001,39.85,73.4
10.4,100.0,3.6,1040.0,51.8,82.2
12.9,71.2,4.8,918.48,38.0,76.2
5.6,88.1,3.8,493.35999999999996,45.949999999999996,64.1
9.3,88.2,2.7,820.2600000000001,45.45,63.3
11.7,95.5,3.5,1117.35,49.5,81.5
21.1,97.1,6.7,2048.81,51.9,83.2
16.8,87.9,5.8,1476.7200000000003,46.85,83.6
16.4,100.0,7.3,1639.9999999999998,53.65,95.6
21.0,86.7,4.3,1820.7,45.5,100.0
14.0,89.7,7.0,1255.8,48.35,79.6
17.7,100.0,7.7,1770.0,53.85,89.1
14.3,75.0,3.6,1072.5,39.3,93.4
16.9,82.9,4.0,1401.01,43.45,92.5
10.9,82.0,9.2,893.8000000000001,45.6,77.1
0.0,93.4,7.0,0.0,50.2,50.2
14.1,91.2,9.2,1285.92,50.2,82.5
25.0,84.6,4.9,2115.0,44.75,100.0
21.5,91.6,1.6,1969.3999999999999,46.599999999999994,98.9
21.8,84.0,4.9,1831.2,44.45,100.0
23.7,88.0,6.2,2085.6,47.1,100.0
15.6,90.3,4.5,1408.6799999999998,47.4,73.9
16.4,60.0,4.2,983.9999999999999,32.1,95.4
10.7,92.4,3.9,988.68,48.150000000000006,75.7
12.8,82.4,4.9,1054.72,43.650000000000006,87.0
19.3,91.4,5.1,1764.0200000000002,48.25,100.0
23.4,68.5,1.1,1602.8999999999999,34.8,100.0
14.0,88.6,9.4,1240.3999999999999,49.0,97.5
11.8,80.5,3.1,949.9000000000001,41.8,69.6
15.0,89.0,7.3,1335.0,48.15,100.0
19.2,86.1,4.3,1653.12,45.199999999999996,100.0
4.9,74.2,6.0,363.58000000000004,40.1,87.6
0.0,77.9,5.2,0.0,41.550000000000004,51.2
11.1,90.0,5.6,999.0,47.8,65.3
6.5,83.8,7.5,544.6999999999999,45.65,69.2
11.4,85.6,3.9,975.8399999999999,44.75,63.1
14.0,60.5,5.0,847.0,32.75,71.5
11.8,84.1,7.3,992.38,45.699999999999996,77.2
25.2,88.8,6.6,2237.7599999999998,47.699999999999996,87.9
17.3,100.0,8.4,1730.0,54.2,95.7
17.1,88.6,7.7,1515.06,48.15,100.0
19.4,78.0,4.5,1513.1999999999998,41.25,100.0
7.0,92.8,8.0,649.6,50.4,78.4
22.3,98.7,5.2,2201.01,51.95,96.5
14.5,95.5,6.2,1384.75,50.85,86.0
19.7,80.7,7.6,1589.79,44.15,100.0
7.5,97.1,5.1,728.25,51.099999999999994,60.6
4.1,82.0,5.8,336.2,43.9,64.5
20.7,76.0,4.3,1573.2,40.15,99.1
17.6,98.9,6.2,1740.6400000000003,52.550000000000004,100.0
8.7,85.8,10.0,746.4599999999999,47.9,64.3
8.9,74.9,3.6,666.6100000000001,39.25,63.4
22.9,86.8,6.9,1987.7199999999998,46.85,100.0
6.7,75.7,6.7,507.19000000000005,41.2,76.9
26.5,81.7,5.4,2165.05,43.550000000000004,100.0
8.7,95.7,4.8,832.5899999999999,50.25,85.1
19.5,83.3,8.2,1624.35,45.75,100.0
12.7,80.9,7.1,1027.43,44.0,79.5
19.2,98.8,3.3,1896.9599999999998,51.05,83.0
11.2,74.3,5.7,832.16,40.0,89.6
13.9,89.7,4.3,1246.8300000000002,47.0,84.3
15.3,79.7,3.9,1219.41,41.800000000000004,93.6
8.0,83.5,7.5,668.0,45.5,76.9
20.2,79.8,9.5,1611.9599999999998,44.65,100.0
11.4,65.3,5.5,744.42,35.4,100.0
13.4,94.2,5.6,1262.28,49.9,87.6
8.0,72.7,7.9,581.6,40.300000000000004,76.7
0.0,79.8,2.7,0.0,41.25,14.6
13.7,82.1,1.0,1124.7699999999998,41.55,91.3
31.9,81.8,4.9,2609.4199999999996,43.35,100.0
20.5,71.7,8.9,1469.8500000000001,40.300000000000004,100.0
14.9,83.0,6.6,1236.7,44.8,65.2
13.2,85.0,5.9,1122.0,45.45,80.3
15.2,87.5,6.7,1330.0,47.1,88.3
18.8,82.0,5.7,1541.6000000000001,43.85,100.0
6.7,87.1,8.1,583.5699999999999,47.599999999999994,73.3
22.8,86.8,6.7,1979.04,46.75,100.0
20.0,82.6,8.6,1652.0,45.599999999999994,100.0
20.0,99.6,7.1,1992.0,53.349999999999994,92.6
18.1,64.5,8.6,1167.45,36.55,100.0
15.1,74.6,5.0,1126.4599999999998,39.8,98.2
19.7,89.8,6.0,1769.06,47.9,95.8
19.1,83.1,10.0,1587.21,46.55,98.9
12.5,76.3,6.3,953.75,41.3,89.6
11.0,100.0,4.1,1100.0,52.05,83.4
15.7,97.2,6.8,1526.04,52.0,95.4
25.8,69.6,2.7,1795.6799999999998,36.15,100.0
6.3,82.7,3.7,521.01,43.2,69.2
4.7,90.7,8.8,426.29,49.75,68.1
16.2,86.9,5.9,1407.78,46.400000000000006,92.6
15.4,78.8,3.8,1213.52,41.3,82.7
16.2,87.8,7.6,1422.36,47.699999999999996,78.5
16.7,72.9,3.2,1217.43,38.050000000000004,79.5
13.4,92.3,3.6,1236.82,47.949999999999996,85.0
25.4,94.0,8.7,2387.6,51.35,100.0
3.8,90.2,4.6,342.76,47.4,55.2
9.2,91.3,8.4,839.9599999999999,49.85,77.3
14.3,92.0,8.4,1315.6000000000001,50.2,79.6
3.5,82.6,3.2,289.09999999999997,42.9,46.1
13.8,91.6,6.1,1264.08,48.849999999999994,90.6
26.6,88.0,9.8,2340.8,48.9,100.0
15.1,88.5,8.2,1336.35,48.35,87.5
16.6,85.4,4.9,1417.6400000000003,45.150000000000006,90.3
6.2,93.6,7.8,580.3199999999999,50.699999999999996,62.9
10.7,76.0,5.1,813.1999999999999,40.55,74.4
12.4,72.5,4.8,899.0,38.65,87.9
12.8,77.7,6.9,994.5600000000001,42.300000000000004,83.4
24.0,99.3,9.5,2383.2,54.4,100.0
18.9,76.9,4.3,1453.41,40.6,100.0
7.2,86.7,7.3,624.24,47.0,59.0
16.7,88.6,3.5,1479.62,46.05,100.0
18.5,100.0,7.7,1850.0,53.85,92.5
23.0,71.9,7.7,1653.7,39.800000000000004,93.8
26.1,79.3,8.2,2069.73,43.75,100.0
7.9,78.0,6.3,616.2,42.15,75.0
9.3,81.3,5.6,756.09,43.449999999999996,55.1
6.2,84.3,4.8,522.66,44.55,85.7
13.4,97.8,6.6,1310.52,52.199999999999996,72.3
18.3,78.1,6.2,1429.23,42.15,93.3
21.9,100.0,7.8,2190.0,53.9,100.0
14.5,86.9,2.7,1260.0500000000002,44.800000000000004,75.9
12.8,71.4,3.0,913.9200000000001,37.2,88.8
16.1,72.7,9.0,1170.4700000000003,40.85,99.1
9.2,100.0,4.0,919.9999999999999,52.0,57.4
29.6,93.9,6.1,2779.4400000000005,50.0,100.0
3.7,72.3,8.3,267.51,40.3,63.0
16.3,69.0,9.5,1124.7,39.25,93.2
29.2,100.0,2.9,2920.0,51.45,100.0
15.0,79.1,2.5,1186.5,40.8,88.9
13.7,91.3,3.0,1250.81,47.15,86.8
12.5,83.6,6.8,1045.0,45.199999999999996,84.8
13.7,80.5,6.9,1102.85,43.7,80.2
24.6,94.4,4.5,2322.2400000000002,49.45,100.0
0.0,74.9,5.3,0.0,40.1,50.4
25.7,96.2,10.0,2472.34,53.1,100.0
5.0,91.3,5.1,456.5,48.199999999999996,65.3
13.1,65.4,6.3,856.74,35.85,96.0
12.0,92.0,9.8,1104.0,50.9,72.6
19.1,91.7,4.2,1751.4700000000003,47.95,94.7
3.8,85.1,10.0,323.37999999999994,47.55,45.2
18.2,100.0,6.0,1820.0,53.0,92.4
29.2,89.1,7.4,2601.72,48.25,100.0
5.5,100.0,5.4,550.0,52.7,61.9
16.3,85.1,7.2,1387.1299999999999,46.15,72.5
10.4,96.6,4.0,1004.64,50.3,62.7
18.0,100.0,9.8,1800.0,54.9,93.8
15.1,72.0,9.8,1087.2,40.9,77.2
10.5,98.5,6.9,1034.25,52.7,69.5
18.4,96.8,1.8,1781.12,49.3,100.0
27.6,90.0,6.5,2484.0,48.25,99.2
13.7,74.0,6.4,1013.8,40.2,91.2
20.0,84.0,4.7,1680.0,44.35,100.0
5.9,87.8,7.1,518.02,47.449999999999996,71.9
8.3,97.4,9.0,808.4200000000001,53.2,55.2
18.3,91.9,5.2,1681.7700000000002,48.550000000000004,100.0
25.4,95.6,6.5,2428.24,51.05,100.0
17.5,77.0,7.0,1347.5,42.0,81.8
12.8,75.6,8.9,967.68,42.25,93.3
15.0,67.0,5.0,1005.0,36.0,85.1
6.2,88.8,7.6,550.56,48.199999999999996,82.9
19.2,77.1,5.3,1480.32,41.199999999999996,100.0
21.2,69.9,2.5,1481.88,36.2,89.7
11.8,73.0,5.6,861.4000000000001,39.3,82.2
11.7,76.9,8.9,899.73,42.900000000000006,67.0
16.9,100.0,3.8,1689.9999999999998,51.9,92.0
11.9,86.7,7.9,1031.73,47.300000000000004,83.5
14.5,91.3,8.5,1323.85,49.9,91.4
29.7,88.7,7.5,2634.39,48.1,100.0
13.3,87.7,8.3,1166.41,48.0,77.4
12.5,67.7,6.8,846.25,37.25,94.2
10.5,83.4,8.7,875.7,46.050000000000004,76.7
20.2,86.8,4.6,1753.36,45.699999999999996,95.9
13.7,80.0,5.4,1096.0,42.7,74.7
10.5,80.7,7.0,847.35,43.85,73.8
24.2,81.3,6.3,1967.4599999999998,43.8,97.7
24.9,83.7,2.3,2084.13,43.0,100.0
10.8,100.0,7.2,1080.0,53.6,91.1
1.9,78.1,5.1,148.39,41.599999999999994,65.2
22.1,89.0,4.0,1966.9,46.5,99.5
10.2,75.8,5.7,773.16,40.75,75.9
20.5,63.4,7.8,1299.7,35.6,94.6
1.2,96.8,3.3,116.16,50.05,65.2
21.2,75.3,5.7,1596.36,40.5,99.5
6.5,71.4,6.0,464.1,38.7,67.5
20.1,79.7,9.3,1601.9700000000003,44.5,100.0
15.1,95.6,7.5,1443.56,51.55,86.4
8.3,87.9,4.4,729.5700000000002,46.150000000000006,73.9
12.2,100.0,5.2,1220.0,52.6,86.1
19.8,95.1,5.8,1882.98,50.449999999999996,95.4
15.7,71.4,9.8,1120.98,40.6,78.6
19.1,80.5,7.2,1537.5500000000002,43.85,100.0
28.8,76.6,8.2,2206.08,42.4,100.0
4.1,72.7,2.6,298.07,37.65,64.8
26.3,95.9,3.9,2522.17,49.900000000000006,100.0
15.7,68.8,10.0,1080.1599999999999,39.4,89.1
8.7,82.5,2.3,717.7499999999999,42.4,79.8
5.7,91.4,5.5,520.98,48.45,42.3
13.7,71.5,6.0,979.55,38.75,67.3
21.5,86.7,3.0,1864.05,44.85,100.0
14.1,93.7,6.6,1321.17,50.15,68.8
25.6,65.5,8.8,1676.8000000000002,37.15,99.4
4.8,93.1,5.9,446.87999999999994,49.5,66.3
14.9,82.8,3.2,1233.72,43.0,85.6
6.2,80.9,5.9,501.58000000000004,43.400000000000006,80.8
17.5,93.5,2.0,1636.25,47.75,100.0
21.2,100.0,3.4,2120.0,51.7,100.0
12.1,70.5,7.8,853.05,39.15,76.6
0.0,95.4,4.4,0.0,49.900000000000006,34.9
16.4,90.5,8.1,1484.1999999999998,49.3,77.9
18.1,81.9,5.2,1482.3900000000003,43.550000000000004,82.4
17.8,87.4,6.3,1555.7200000000003,46.85,82.0
23.7,78.4,8.5,1858.0800000000002,43.45,100.0
7.5,71.1,4.4,533.25,37.75,55.3
19.8,100.0,6.1,1980.0,53.05,85.8
23.3,100.0,3.2,2330.0,51.6,100.0
2.5,98.3,9.3,245.75,53.8,63.7
17.2,74.4,4.2,1279.68,39.300000000000004,88.3
11.5,88.0,5.3,1012.0,46.65,90.4
14.4,100.0,5.2,1440.0,52.6,89.8
17.4,75.8,6.7,1318.9199999999998,41.25,100.0
11.6,84.2,7.4,976.72,45.800000000000004,90.1
10.3,84.9,8.2,874.4700000000001,46.550000000000004,68.5
15.2,82.0,7.0,1246.3999999999999,44.5,87.4
7.4,69.4,8.4,513.5600000000001,38.900000000000006,86.4
7.4,80.3,6.9,594.22,43.6,56.5
19.8,91.3,7.7,1807.74,49.5,88.6
7.0,95.2,4.0,666.4,49.6,87.0
19.7,91.4,3.0,1800.5800000000002,47.2,100.0
18.2,83.7,6.6,1523.34,45.15,100.0
2.9,89.5,5.6,259.55,47.55,58.5
10.3,100.0,6.5,1030.0,53.25,72.3
23.4,99.1,5.9,2318.9399999999996,52.5,93.5
8.1,96.1,4.3,778.41,50.199999999999996,83.9
11.7,93.6,5.2,1095.12,49.4,70.8
18.2,95.7,7.0,1741.74,51.35,100.0
20.5,66.7,4.3,1367.3500000000001,35.5,98.8
13.2,71.5,6.1,943.8,38.8,100.0
10.8,86.1,4.9,929.88,45.5,85.5
25.0,80.8,7.1,2020.0,43.949999999999996,100.0
27.2,95.3,8.5,2592.16,51.9,100.0
21.9,81.4,7.6,1782.66,44.5,100.0
15.6,62.4,6.3,973.4399999999999,34.35,97.1
9.3,78.8,7.1,732.84,42.949999999999996,89.1
9.2,91.3,4.8,839.9599999999999,48.05,81.9
18.7,93.7,4.9,1752.19,49.300000000000004,93.9
17.9,80.0,4.0,1432.0,42.0,98.3
24.8,66.8,4.2,1656.6399999999999,35.5,100.0
19.6,90.6,1.8,1775.76,46.199999999999996,100.0
4.5,88.6,6.1,398.7,47.349999999999994,35.2
22.4,88.3,5.8,1977.9199999999998,47.05,100.0
8.0,88.3,2.9,706.4,45.6,77.0
12.3,79.9,6.3,982.7700000000001,43.1,76.9
16.8,79.8,5.1,1340.64,42.449999999999996,86.0
29.0,81.3,5.6,2357.7,43.449999999999996,100.0
36.8,81.0,8.5,2980.7999999999997,44.75,100.0
19.2,81.9,9.4,1572.48,45.650000000000006,92.6
13.7,100.0,5.7,1370.0,52.85,74.3
18.7,78.1,6.6,1460.4699999999998,42.349999999999994,91.8
21.2,90.1,3.9,1910.12,47.0,96.7
12.8,79.6,3.9,1018.88,41.75,77.5
27.6,93.5,3.8,2580.6,48.65,100.0
16.6,74.8,3.7,1241.68,39.25,100.0
18.5,100.0,5.5,1850.0,52.75,100.0
19.7,98.4,9.3,1938.48,53.85,100.0
18.0,88.3,7.4,1589.3999999999999,47.85,99.7
20.9,80.0,5.9,1672.0,42.95,97.6
10.7,67.2,6.0,719.04,36.6,80.1
11.1,88.0,4.6,976.8,46.3,88.4
7.3,85.7,6.1,625.61,45.9,66.3
18.1,76.7,3.7,1388.2700000000002,40.2,100.0
20.5,85.9,6.5,1760.95,46.2,100.0
18.2,68.6,6.1,1248.5199999999998,37.349999999999994,100.0
26.7,100.0,3.4,2670.0,51.7,97.2
15.0,83.2,10.0,1248.0,46.6,100.0
19.7,100.0,6.4,1970.0,53.2,100.0
7.4,66.1,4.5,489.14,35.3,69.8
12.3,82.7,6.6,1017.2100000000002,44.65,73.9
19.9,68.5,7.5,1363.1499999999999,38.0,100.0
20.9,75.0,4.8,1567.5,39.9,100.0
12.9,96.6,3.5,1246.1399999999999,50.05,89.9
14.5,100.0,7.2,1450.0,53.6,89.8
4.4,91.9,8.0,404.36000000000007,49.95,66.9
12.5,79.6,5.4,994.9999999999999,42.5,90.0
21.2,88.7,6.2,1880.44,47.45,98.7
19.0,86.9,6.7,1651.1000000000001,46.800000000000004,94.9
18.5,92.0,5.9,1702.0,48.95,85.2
15.3,83.1,8.3,1271.43,45.699999999999996,90.5
15.0,73.4,5.6,1101.0,39.5,96.5
10.4,79.4,10.0,825.7600000000001,44.7,84.3
19.9,81.3,4.0,1617.87,42.65,95.8
17.9,89.0,4.6,1593.1,46.8,85.4
18.4,82.1,7.8,1510.6399999999999,44.949999999999996,98.8
11.3,95.9,4.7,1083.67,50.300000000000004,91.8
0.0,88.2,5.4,0.0,46.800000000000004,24.3
22.7,94.9,6.4,2154.23,50.650000000000006,100.0
11.6,80.9,8.5,938.44,44.7,65.9
9.0,67.2,7.3,604.8000000000001,37.25,69.6
19.9,87.2,4.7,1735.28,45.95,100.0
12.3,67.5,6.9,830.25,37.2,85.8
22.4,94.0,6.7,2105.6,50.35,100.0
19.3,93.4,7.8,1802.6200000000001,50.6,98.9
19.8,81.2,9.3,1607.7600000000002,45.25,100.0
5.4,92.5,6.1,499.50000000000006,49.3,83.6
23.5,94.8,1.2,2227.7999999999997,48.0,100.0
16.8,81.4,7.3,1367.5200000000002,44.35,81.7
12.4,87.5,8.5,1085.0,48.0,80.4
16.0,73.3,7.6,1172.8,40.449999999999996,100.0
2.6,96.8,5.4,251.68,51.1,61.8
17.9,69.7,6.0,1247.6299999999999,37.85,100.0
7.8,78.3,8.3,610.74,43.3,78.7
5.5,93.1,7.9,512.05,50.5,66.4
4.3,83.7,6.4,359.91,45.050000000000004,63.9
22.8,98.7,7.4,2250.36,53.050000000000004,100.0
10.6,100.0,6.7,1060.0,53.35,54.7
25.7,75.3,2.0,1935.2099999999998,38.65,100.0
11.2,66.6,6.2,745.9199999999998,36.4,63.4
3.0,100.0,5.7,300.0,52.85,53.2
7.2,89.3,7.1,642.96,48.199999999999996,74.1
23.7,100.0,7.3,2370.0,53.65,100.0
13.9,100.0,8.1,1390.0,54.05,91.2
11.2,92.0,2.8,1030.3999999999999,47.4,77.5
16.1,93.5,7.4,1505.3500000000001,50.45,89.1
18.5,92.7,7.0,1714.95,49.85,100.0
22.8,92.2,7.2,2102.1600000000003,49.7,100.0
25.1,80.0,7.9,2008.0,43.95,100.0
12.5,97.9,4.0,1223.75,50.95,97.1
5.7,85.7,6.0,488.49,45.85,60.5
12.1,90.0,3.9,1089.0,46.95,82.6
16.8,86.3,8.1,1449.84,47.199999999999996,93.4
8.3,93.9,3.7,779.3700000000001,48.800000000000004,73.6
8.3,90.3,2.9,749.49,46.6,80.8
17.4,87.8,6.1,1527.7199999999998,46.949999999999996,74.2
14.7,75.5,9.5,1109.85,42.5,77.9
15.2,81.9,2.4,1244.88,42.150000000000006,98.8
9.7,86.0,6.3,834.1999999999999,46.15,80.2
13.4,79.8,5.8,1069.32,42.8,80.4
8.5,90.7,6.2,770.95,48.45,87.6
21.2,92.5,4.3,1961.0,48.4,100.0
22.2,62.8,4.8,1394.1599999999999,33.8,91.7
2.1,72.9,6.3,153.09000000000003,39.6,46.2
8.5,76.0,4.7,646.0,40.35,83.6
4.5,80.6,2.3,362.7,41.449999999999996,54.9
10.4,80.2,6.6,834.08,43.4,67.6
14.4,81.7,1.8,1176.48,41.75,86.6
4.9,86.5,6.8,423.85,46.65,44.0
8.5,89.2,5.4,758.2,47.300000000000004,71.4
8.0,91.9,8.2,735.2,50.050000000000004,87.5
16.5,79.7,5.1,1315.05,42.4,100.0
15.5,75.6,5.0,1171.8,40.3,97.6
9.9,98.5,5.8,975.1500000000001,52.15,75.4
16.2,99.6,4.6,1613.5199999999998,52.099999999999994,84.1
11.2,71.3,7.0,798.56,39.15,83.3
13.1,83.1,7.5,1088.61,45.3,92.9
26.7,100.0,6.0,2670.0,53.0,100.0
24.4,85.4,5.0,2083.76,45.2,100.0
5.9,68.2,8.9,402.38000000000005,38.550000000000004,63.3
20.8,74.3,6.1,1545.44,40.199999999999996,96.1
20.7,82.4,6.3,1705.68,44.35,94.3
7.0,76.2,6.7,533.4,41.45,73.8
20.7,92.1,5.6,1906.4699999999998,48.849999999999994,96.9
25.8,86.8,3.3,2239.44,45.05,100.0
7.1,87.5,2.9,621.25,45.2,57.7
8.6,70.9,4.7,609.74,37.800000000000004,70.3
22.1,71.9,5.8,1588.9900000000002,38.85,100.0
16.9,81.2,6.5,1372.28,43.85,86.7
18.9,80.3,6.8,1517.6699999999998,43.55,96.8
17.4,88.7,2.7,1543.3799999999999,45.7,100.0
17.7,87.5,7.5,1548.75,47.5,100.0
5.7,93.2,6.8,531.24,50.0,72.2
22.3,86.5,6.7,1928.95,46.6,99.8
23.2,84.9,6.0,1969.68,45.45,100.0
13.4,83.4,3.5,1117.5600000000002,43.45,87.2
14.7,84.0,5.6,1234.8,44.8,84.7
4.3,86.8,4.5,373.23999999999995,45.65,56.1
18.6,92.0,6.7,1711.2,49.35,96.9
19.0,93.3,3.6,1772.7,48.449999999999996,100.0
14.6,88.4,9.8,1290.64,49.1,87.8
22.9,78.6,9.8,1799.9399999999998,44.199999999999996,100.0
12.7,75.1,6.7,953.7699999999999,40.9,79.5
19.0,77.2,7.9,1466.8,42.550000000000004,99.5
7.9,86.9,9.3,686.5100000000001,48.1,79.6
14.8,93.6,9.2,1385.28,51.4,94.9
13.8,63.9,7.9,881.82,35.9,73.8
16.6,69.1,4.9,1147.06,37.0,88.1
12.4,100.0,8.0,1240.0,54.0,67.6
14.1,84.1,5.4,1185.81,44.75,100.0
20.8,86.9,2.8,1807.5200000000002,44.85,100.0
11.9,71.1,6.4,846.0899999999999,38.75,84.7
3.8,76.6,4.2,291.08,40.4,67.7
27.2,81.0,4.0,2203.2,42.5,100.0
24.7,74.3,9.4,1835.2099999999998,41.85,99.6
6.0,68.7,7.1,412.20000000000005,37.9,53.9
19.8,93.4,5.8,1849.3200000000002,49.6,98.4
11.5,85.0,10.0,977.5,47.5,81.2
16.8,80.1,7.2,1345.68,43.65,99.7
17.1,93.0,5.7,1590.3000000000002,49.35,100.0
13.4,93.0,6.8,1246.2,49.9,89.9
9.5,100.0,6.9,950.0,53.45,87.0
10.2,84.9,5.2,865.98,45.050000000000004,73.1
8.6,75.9,8.2,652.74,42.050000000000004,61.1
9.2,80.9,4.4,744.28,42.650000000000006,69.2
14.5,99.8,6.0,1447.1,52.9,83.2
10.0,77.8,4.0,778.0,40.9,68.4
19.8,80.1,3.6,1585.98,41.849999999999994,100.0
25.4,96.4,4.3,2448.56,50.35,100.0
10.9,83.7,7.7,912.33,45.7,62.6
16.7,100.0,4.7,1670.0,52.35,67.9
18.5,98.6,4.9,1824.1,51.75,97.5
18.3,90.5,5.8,1656.15,48.15,90.6
15.5,92.4,4.7,1432.2,48.550000000000004,72.0
20.2,80.5,6.9,1626.1,43.7,100.0
18.4,80.8,4.3,1486.7199999999998,42.55,100.0
6.3,98.5,4.4,620.55,51.45,77.2
21.1,93.9,4.9,1981.2900000000002,49.400000000000006,100.0
21.2,96.2,7.7,2039.44,51.95,100.0
9.7,88.6,4.6,859.4199999999998,46.599999999999994,73.5
15.3,84.5,4.5,1292.8500000000001,44.5,85.0
19.8,78.6,6.7,1556.28,42.65,75.2
13.5,91.2,2.4,1231.2,46.800000000000004,64.0
22.5,73.5,3.4,1653.75,38.45,100.0
31.5,95.8,8.1,3017.7,51.949999999999996,100.0
9.5,84.5,7.9,802.75,46.2,81.5
5.3,93.9,4.6,497.67,49.25,60.9
17.1,95.6,6.4,1634.76,51.0,76.5
20.1,80.0,8.7,1608.0,44.35,87.3
13.4,87.9,6.2,1177.8600000000001,47.050000000000004,74.0
25.2,87.3,5.8,2199.96,46.55,100.0
5.6,76.4,4.8,427.84000000000003,40.6,74.9
19.9,99.9,6.2,1988.01,53.050000000000004,96.9
10.8,90.2,4.6,974.1600000000001,47.4,88.5
27.0,78.4,4.6,2116.8,41.5,100.0
28.9,85.8,3.9,2479.62,44.85,100.0
9.6,76.1,9.1,730.56,42.599999999999994,82.0
11.2,100.0,8.1,1120.0,54.05,81.2
21.0,89.9,1.8,1887.9,45.85,100.0
12.3,86.3,5.5,1061.49,45.9,95.0
14.7,78.3,8.6,1151.01,43.449999999999996,87.5
15.2,100.0,2.9,1520.0,51.45,95.0
1.6,85.8,6.0,137.28,45.9,61.9
14.9,96.8,6.0,1442.32,51.4,78.3
10.2,87.3,5.4,890.4599999999999,46.35,73.3
11.5,90.3,4.2,1038.45,47.25,94.1
25.1,82.7,8.8,2075.77,45.75,100.0
6.2,83.0,2.3,514.6,42.65,72.9
20.7,90.4,7.8,1871.28,49.1,100.0
13.0,69.2,5.2,899.6,37.2,97.9
13.0,79.6,7.8,1034.8,43.699999999999996,85.8
20.5,83.9,7.2,1719.95,45.550000000000004,100.0
17.4,100.0,7.7,1739.9999999999998,53.85,98.0
19.0,86.3,6.0,1639.7,46.15,100.0
21.8,100.0,6.9,2180.0,53.45,93.7
12.7,67.7,9.3,859.79,38.5,81.1
10.7,75.9,5.5,812.13,40.7,76.6
7.4,92.1,5.7,681.54,48.9,61.7
9.2,71.3,10.0,655.9599999999999,40.65,69.9
35.6,81.4,8.8,2897.84,45.1,100.0
23.7,88.3,6.8,2092.71,47.55,100.0
5.5,78.4,5.2,431.20000000000005,41.800000000000004,71.4
5.7,83.9,5.8,478.2300000000001,44.85,58.7
18.4,75.5,6.3,1389.1999999999998,40.9,100.0
18.8,96.3,9.3,1810.44,52.8,100.0
18.8,80.6,5.1,1515.28,42.849999999999994,81.5
13.2,69.9,8.1,922.6800000000001,39.0,99.8
14.1,77.0,7.7,1085.7,42.35,70.3
17.3,66.1,6.0,1143.53,36.05,88.4
15.6,71.7,6.7,1118.52,39.2,100.0
0.0,85.5,7.8,0.0,46.65,34.4
13.4,86.9,8.4,1164.46,47.650000000000006,81.7
9.0,80.4,9.4,723.6,44.900000000000006,66.9
16.2,90.3,7.2,1462.86,48.75,100.0
35.9,98.7,6.1,3543.33,52.4,100.0
17.6,89.8,4.1,1580.48,46.949999999999996,92.9
12.8,80.0,1.6,1024.0,40.8,83.7
21.5,87.6,3.9,1883.3999999999999,45.75,100.0
18.4,84.1,6.3,1547.4399999999998,45.199999999999996,99.0
17.9,92.1,5.5,1648.5899999999997,48.8,100.0
19.2,88.9,5.5,1706.88,47.2,82.7
29.4,79.5,7.1,2337.2999999999997,43.3,100.0
7.1,75.0,5.9,532.5,40.45,74.5
18.3,88.8,3.4,1625.04,46.1,98.3
8.5,94.5,7.0,803.25,50.75,76.0
18.9,99.1,5.1,1872.9899999999998,52.099999999999994,87.2
8.6,83.8,5.3,720.68,44.55,71.0
12.1,88.9,7.1,1075.69,48.0,84.1
12.9,98.4,7.0,1269.3600000000001,52.7,93.2
21.8,94.0,4.6,2049.2000000000003,49.3,100.0
21.4,81.6,4.9,1746.2399999999998,43.25,100.0
6.3,88.8,9.8,559.4399999999999,49.3,63.7
15.4,85.1,2.2,1310.54,43.65,85.6
10.0,79.9,8.0,799.0,43.95,79.9
6.2,80.7,6.0,500.34000000000003,43.35,59.4
13.5,85.7,8.3,1156.95,47.0,83.2
12.8,79.3,5.8,1015.04,42.55,90.3
32.0,81.0,5.0,2592.0,43.0,100.0
18.0,95.7,4.2,1722.6000000000001,49.95,89.6
5.4,69.2,10.0,373.68000000000006,39.6,49.3
11.0,85.4,5.9,939.4000000000001,45.650000000000006,86.4
22.1,83.8,4.1,1851.98,43.949999999999996,100.0
29.6,74.9,4.1,2217.0400000000004,39.5,100.0
3.9,86.9,5.2,338.91,46.050000000000004,66.1
1.8,79.9,7.1,143.82000000000002,43.5,36.0
28.1,95.0,4.2,2669.5,49.6,100.0
17.7,87.7,4.5,1552.29,46.1,100.0
8.9,90.7,8.2,807.23,49.45,74.3
18.7,69.2,2.7,1294.04,35.95,98.5
0.0,72.4,5.5,0.0,38.95,48.9
15.0,100.0,6.9,1500.0,53.45,98.0
17.3,89.7,7.1,1551.8100000000002,48.4,95.4
21.5,78.6,4.1,1689.8999999999999,41.349999999999994,100.0
7.9,100.0,5.8,790.0,52.9,65.7
15.6,84.8,5.1,1322.8799999999999,44.949999999999996,98.1
8.5,80.7,5.0,685.95,42.85,87.8
16.8,80.3,6.6,1349.04,43.449999999999996,82.1
8.7,70.9,5.2,616.83,38.050000000000004,59.2
12.1,90.8,7.0,1098.6799999999998,48.9,99.2
8.0,94.6,8.0,756.8,51.3,55.2
19.6,97.1,4.2,1903.16,50.65,92.1
21.0,76.7,2.9,1610.7,39.800000000000004,89.2
13.4,85.3,6.5,1143.02,45.9,76.8
15.3,79.0,4.0,1208.7,41.5,100.0
4.9,85.0,5.6,416.50000000000006,45.3,71.1
12.9,79.7,9.4,1028.13,44.550000000000004,92.4
14.6,70.9,3.5,1035.14,37.2,76.7
33.3,100.0,3.4,3329.9999999999995,51.7,100.0
7.2,85.6,6.3,616.3199999999999,45.949999999999996,72.6
25.2,91.6,6.2,2308.3199999999997,48.9,100.0
22.0,100.0,6.1,2200.0,53.05,91.0
17.0,86.5,4.0,1470.5,45.25,90.2
27.3,100.0,3.2,2730.0,51.6,100.0
17.6,91.5,9.5,1610.4,50.5,100.0
17.7,61.1,6.4,1081.47,33.75,100.0
14.6,80.0,6.5,1168.0,43.25,79.5
23.6,67.2,6.8,1585.92,37.0,100.0
22.7,80.6,8.1,1829.62,44.349999999999994,100.0
10.6,73.9,10.0,783.34,41.95,53.1
5.8,94.8,6.8,549.8399999999999,50.8,52.5
13.6,84.5,9.1,1149.2,46.8,73.7
9.4,76.8,5.0,721.92,40.9,81.5
14.6,95.4,4.1,1392.8400000000001,49.75,94.6
23.7,82.4,7.2,1952.88,44.800000000000004,100.0
11.8,89.0,5.9,1050.2,47.45,75.4
14.7,73.5,4.3,1080.45,38.9,100.0
15.4,81.3,3.5,1252.02,42.4,89.3
20.9,92.4,7.0,1931.16,49.7,100.0
0.0,100.0,6.0,0.0,53.0,61.6
10.8,85.5,7.3,923.4000000000001,46.4,82.2
16.5,90.0,7.6,1485.0,48.8,97.3
23.4,100.0,6.2,2340.0,53.1,100.0
11.6,66.9,4.4,776.0400000000001,35.650000000000006,78.6
1.9,83.8,6.1,159.22,44.949999999999996,56.0
19.3,90.6,4.6,1748.58,47.599999999999994,95.2
10.6,79.6,3.1,843.7599999999999,41.349999999999994,88.4
6.7,78.6,5.6,526.62,42.099999999999994,55.3
10.6,65.5,7.4,694.3,36.45,67.7
13.7,97.7,2.8,1338.49,50.25,68.7
10.8,68.1,5.1,735.48,36.599999999999994,68.5
0.0,89.4,6.6,0.0,48.0,43.8
21.3,88.0,2.7,1874.4,45.35,100.0
23.9,76.3,8.5,1823.57,42.4,98.1
19.6,78.0,8.2,1528.8000000000002,43.1,88.6
7.0,93.7,8.1,655.9,50.9,83.7
13.6,87.3,5.6,1187.28,46.449999999999996,94.6
15.0,81.5,6.0,1222.5,43.75,65.0
19.2,80.8,3.5,1551.36,42.15,84.3
19.7,76.7,4.3,1510.99,40.5,98.4
9.9,92.5,6.7,915.75,49.6,66.5
15.6,94.3,4.7,1471.08,49.5,73.6
18.2,87.8,5.9,1597.9599999999998,46.85,100.0
25.2,93.1,7.3,2346.12,50.199999999999996,100.0
19.9,81.8,4.3,1627.82,43.05,76.5
20.5,88.2,5.8,1808.1000000000001,47.0,97.6
15.6,75.9,6.0,1184.04,40.95,86.9
24.9,85.0,5.0,2116.5,45.0,100.0
17.9,98.2,6.5,1757.78,52.35,90.3
9.0,83.5,5.4,751.5,44.45,71.0
24.8,87.0,4.8,2157.6,45.9,100.0
19.9,84.4,5.7,1679.56,45.050000000000004,88.0
11.9,94.1,5.2,1119.79,49.65,73.0
11.6,84.0,9.1,974.4,46.55,81.2
17.1,75.5,9.1,1291.0500000000002,42.3,89.9
18.2,83.1,10.0,1512.4199999999998,46.55,99.2
16.4,95.7,6.9,1569.48,51.300000000000004,81.8
17.2,83.8,8.7,1441.36,46.25,100.0
26.9,85.7,5.9,2305.33,45.800000000000004,100.0
22.5,76.4,4.7,1719.0000000000002,40.550000000000004,100.0
16.3,66.0,0.7,1075.8,33.35,87.7
21.6,95.2,5.2,2056.32,50.2,100.0
7.8,75.3,4.1,587.3399999999999,39.699999999999996,74.9
17.8,95.7,5.1,1703.46,50.4,84.8
27.7,85.9,3.3,2379.4300000000003,44.6,100.0
13.5,78.7,7.2,1062.45,42.95,88.6
9.1,75.4,10.0,686.14,42.7,59.1
10.4,100.0,4.3,1040.0,52.15,78.5
7.4,88.3,6.1,653.42,47.199999999999996,64.9
9.5,91.5,9.0,869.25,50.25,82.8
12.4,93.1,4.7,1154.44,48.9,61.1
5.2,80.4,2.4,418.08000000000004,41.400000000000006,64.3
15.1,82.7,8.1,1248.77,45.4,92.1
21.3,88.5,10.0,1885.05,49.25,100.0
8.6,72.2,5.2,620.92,38.7,71.3
25.6,61.8,4.3,1582.08,33.05,100.0
18.6,88.9,5.1,1653.5400000000002,47.0,92.3
22.2,89.4,3.4,1984.68,46.400000000000006,100.0
10.4,98.8,5.8,1027.52,52.3,64.5
21.0,97.0,4.8,2037.0,50.9,94.7
7.4,83.3,6.0,616.42,44.65,47.3
21.2,90.7,6.6,1922.84,48.65,98.6
16.2,68.1,6.7,1103.2199999999998,37.4,78.6
18.9,69.1,5.0,1305.9899999999998,37.05,100.0
6.8,92.0,5.9,625.6,48.95,73.3
8.7,86.5,4.6,752.55,45.55,66.7
19.2,100.0,2.9,1920.0,51.45,100.0
8.4,95.4,3.6,801.3600000000001,49.5,73.0
18.2,100.0,5.2,1820.0,52.6,92.9
5.4,83.9,3.4,453.06000000000006,43.650000000000006,56.5
20.9,89.8,4.8,1876.8199999999997,47.3,94.3
6.4,86.5,3.2,553.6,44.85,50.1
18.9,92.1,0.6,1740.6899999999998,46.349999999999994,100.0
19.4,89.5,7.3,1736.3,48.4,98.9
10.1,78.6,7.1,793.8599999999999,42.849999999999994,82.1
19.1,70.4,8.1,1344.64,39.25,93.1
16.8,92.1,4.7,1547.28,48.4,78.0
11.2,85.0,6.3,951.9999999999999,45.65,83.3
7.9,86.8,8.9,685.72,47.85,62.8
1.3,100.0,8.0,130.0,54.0,69.0
17.4,93.5,1.0,1626.8999999999999,47.25,90.5
4.0,82.4,8.4,329.6,45.400000000000006,73.6
15.7,85.8,5.7,1347.06,45.75,92.5
13.2,98.1,6.2,1294.9199999999998,52.15,85.3
19.8,88.6,9.0,1754.28,48.8,100.0
12.9,93.0,6.6,1199.7,49.8,74.7
12.7,75.0,6.8,952.5,40.9,90.1
20.1,80.8,4.1,1624.0800000000002,42.449999999999996,100.0
17.3,81.7,6.7,1413.41,44.2,89.9
17.2,91.4,4.5,1572.08,47.95,99.2
18.3,98.4,4.9,1800.7200000000003,51.650000000000006,88.1
4.3,92.9,7.6,399.47,50.25,79.4
20.3,92.2,4.6,1871.66,48.4,100.0
19.3,88.9,5.4,1715.7700000000002,47.150000000000006,74.6
7.9,100.0,4.1,790.0,52.05,76.9
13.3,91.2,4.3,1212.96,47.75,73.1
14.7,81.6,5.0,1199.5199999999998,43.3,81.2
14.1,83.0,2.6,1170.3,42.8,99.9
17.3,77.8,7.7,1345.94,42.75,100.0
25.0,80.7,8.3,2017.5,44.5,100.0
22.6,77.5,3.7,1751.5,40.6,100.0
5.8,75.5,6.3,437.9,40.9,63.4
19.4,89.2,6.0,1730.48,47.6,100.0
24.3,92.5,7.1,2247.75,49.8,100.0
17.7,73.8,4.6,1306.26,39.199999999999996,96.4
22.6,82.7,3.2,1869.0200000000002,42.95,95.0
29.1,74.5,3.7,2167.9500000000003,39.1,100.0
22.2,95.2,6.2,2113.44,50.7,100.0
16.7,77.9,5.3,1300.93,41.6,100.0
22.3,70.2,7.8,1565.46,39.0,100.0
16.0,93.5,6.1,1496.0,49.8,97.8
15.2,94.6,5.9,1437.9199999999998,50.25,82.7
12.5,69.1,5.5,863.7499999999999,37.3,66.6
25.9,78.8,10.0,2040.9199999999998,44.4,100.0
9.3,100.0,8.6,930.0000000000001,54.3,84.1
25.7,71.3,7.3,1832.4099999999999,39.3,100.0
18.5,71.3,5.3,1319.05,38.3,93.7
5.2,74.5,5.6,387.40000000000003,40.05,72.7
17.6,72.8,4.2,1281.28,38.5,100.0
0.3,90.7,7.0,27.21,48.85,50.0
19.4,94.7,6.9,1837.1799999999998,50.800000000000004,100.0
21.2,71.4,9.3,1513.68,40.35,100.0
10.9,99.7,7.8,1086.73,53.75,90.0
15.9,70.0,4.0,1113.0,37.0,83.0
28.7,87.1,8.5,2499.77,47.8,100.0
11.5,91.7,6.3,1054.55,49.0,74.2
7.6,100.0,3.9,760.0,51.95,67.9
25.4,100.0,4.6,2540.0,52.3,100.0
28.7,78.0,6.0,2238.6,42.0,100.0
15.0,90.9,6.4,1363.5,48.650000000000006,81.8
22.1,81.3,6.8,1796.73,44.05,99.7
24.4,100.0,10.0,2440.0,55.0,100.0
9.8,72.6,2.3,711.48,37.449999999999996,80.0
11.6,80.0,5.0,928.0,42.5,56.7
23.6,72.3,4.0,1706.28,38.15,100.0
26.8,80.9,8.8,2168.1200000000003,44.85,100.0
18.9,78.2,5.6,1477.98,41.9,100.0
8.8,71.4,6.1,628.32,38.75,81.0
28.9,87.2,5.6,2520.08,46.4,100.0
11.3,84.9,5.6,959.3700000000001,45.25,72.1
12.7,97.7,6.3,1240.79,52.0,82.1
17.4,100.0,7.4,1739.9999999999998,53.7,96.4
25.9,85.2,6.9,2206.68,46.050000000000004,100.0
21.0,74.6,5.2,1566.6,39.9,100.0
17.9,87.6,8.2,1568.0399999999997,47.9,100.0
18.2,77.8,6.9,1415.9599999999998,42.35,95.0
15.3,79.2,8.7,1211.76,43.95,81.9
18.9,71.3,9.6,1347.57,40.449999999999996,71.2
0.0,83.4,6.4,0.0,44.900000000000006,55.4
12.9,79.2,5.5,1021.6800000000001,42.35,75.4
16.7,78.3,3.2,1307.61,40.75,83.2
6.9,85.3,4.8,588.57,45.05,64.5
17.7,99.5,6.2,1761.1499999999999,52.85,96.1
13.6,69.5,6.3,945.1999999999999,37.9,99.8
27.3,100.0,8.7,2730.0,54.35,100.0
26.0,78.2,4.2,2033.2,41.2,99.2
11.7,94.8,4.5,1109.1599999999999,49.65,91.2
13.9,77.0,4.9,1070.3,40.95,78.1
14.5,97.1,7.3,1407.9499999999998,52.199999999999996,86.3
11.8,74.1,5.5,874.38,39.8,69.8
16.4,90.3,4.6,1480.9199999999998,47.449999999999996,97.5
9.7,78.6,6.0,762.4199999999998,42.3,89.0
7.1,100.0,6.4,710.0,53.2,66.1
19.4,86.9,3.8,1685.86,45.35,100.0
19.4,80.6,6.7,1563.6399999999999,43.65,94.1
9.4,98.6,3.1,926.84,50.849999999999994,85.3
21.3,100.0,7.0,2130.0,53.5,96.2
10.6,88.6,5.0,939.1599999999999,46.8,79.1
16.8,88.3,9.1,1483.44,48.699999999999996,84.7
20.7,86.5,0.0,1790.55,43.25,100.0
14.8,84.0,2.4,1243.2,43.2,87.0
18.2,94.9,4.9,1727.18,49.900000000000006,89.5
11.4,97.7,5.7,1113.78,51.7,88.0
13.6,74.7,5.5,1015.92,40.1,98.2
13.6,72.7,9.2,988.72,40.95,86.0
9.8,76.3,10.0,747.74,43.15,79.7
13.8,97.5,5.5,1345.5,51.5,73.3
4.2,97.1,5.8,407.82,51.449999999999996,62.8
11.6,80.0,5.3,928.0,42.65,76.9
13.0,81.8,8.6,1063.3999999999999,45.199999999999996,91.0
13.2,69.4,1.1,916.08,35.25,85.3
13.3,83.2,7.4,1106.5600000000002,45.300000000000004,89.2
14.6,92.3,7.2,1347.58,49.75,95.8
18.4,96.3,4.0,1771.9199999999998,50.15,99.2
21.1,73.7,7.0,1555.0700000000002,40.35,92.2
10.5,80.1,5.8,841.05,42.949999999999996,68.9
6.6,76.8,4.6,506.87999999999994,40.699999999999996,89.3
7.7,94.9,8.8,730.73,51.85,65.7
11.6,82.0,8.4,951.1999999999999,45.2,72.2
12.5,90.6,6.5,1132.5,48.55,81.6
9.6,83.6,2.7,802.56,43.15,75.6
5.9,99.1,8.8,584.69,53.949999999999996,61.6
11.8,83.9,5.7,990.0200000000001,44.800000000000004,87.4
16.3,83.7,8.4,1364.3100000000002,46.050000000000004,99.0
19.2,88.4,5.7,1697.28,47.050000000000004,100.0
11.1,86.7,5.6,962.37,46.15,74.0
12.1,78.7,7.9,952.27,43.300000000000004,92.7
8.5,96.2,5.6,817.7,50.9,70.0
14.8,76.3,4.5,1129.24,40.4,68.7
9.1,82.4,8.3,749.84,45.35,66.2
19.0,79.7,6.9,1514.3,43.300000000000004,99.3
2.5,73.6,5.3,184.0,39.449999999999996,57.0
12.5,74.8,5.6,935.0,40.199999999999996,84.5
17.1,95.1,8.3,1626.21,51.699999999999996,83.3
16.3,93.2,7.1,1519.16,50.15,86.7
33.9,72.7,8.2,2464.53,40.45,100.0
17.4,77.4,7.3,1346.76,42.35,90.4
8.0,80.0,7.1,640.0,43.55,58.2
14.3,87.4,9.0,1249.8200000000002,48.2,86.5
2.6,89.2,5.8,231.92000000000002,47.5,54.6
14.4,81.1,3.4,1167.84,42.25,100.0
9.2,82.4,4.6,758.08,43.5,75.4
21.4,79.1,10.0,1692.7399999999998,44.55,92.4
11.2,72.8,5.6,815.3599999999999,39.199999999999996,80.8
14.2,82.0,6.0,1164.3999999999999,44.0,86.4
10.6,70.4,4.7,746.24,37.550000000000004,82.4
27.2,67.2,5.0,1827.84,36.1,100.0
12.8,83.9,8.0,1073.92,45.95,72.2
27.8,72.7,8.7,2021.0600000000002,40.7,100.0
20.7,77.3,4.4,1600.11,40.85,100.0
18.4,81.4,9.4,1497.76,45.400000000000006,96.7
17.6,78.1,8.1,1374.56,43.099999999999994,86.2
17.8,97.9,4.5,1742.6200000000001,51.2,98.2
1.5,98.3,5.0,147.45,51.65,43.2
13.0,66.0,7.3,858.0,36.65,84.4
20.9,85.7,6.0,1791.1299999999999,45.85,84.6
14.7,97.1,4.1,1427.37,50.599999999999994,97.0
5.2,83.7,8.6,435.24,46.15,65.1
14.6,69.8,6.5,1019.0799999999999,38.15,86.1
26.9,68.8,4.8,1850.7199999999998,36.8,100.0
23.7,80.8,5.3,1914.9599999999998,43.05,100.0
14.6,100.0,4.1,1460.0,52.05,67.0
21.7,84.5,4.6,1833.6499999999999,44.55,93.7
12.4,76.9,1.9,953.5600000000001,39.400000000000006,77.6
3.1,90.1,5.5,279.31,47.8,44.8
8.5,98.0,6.5,833.0,52.25,63.7
25.9,74.0,5.3,1916.6,39.65,100.0
13.1,87.0,7.8,1139.7,47.4,80.1
13.3,96.1,9.1,1278.1299999999999,52.599999999999994,88.8
12.9,81.4,5.0,1050.0600000000002,43.2,93.0
28.3,73.9,5.3,2091.3700000000003,39.6,100.0
26.4,63.1,7.2,1665.84,35.15,100.0
30.5,83.3,10.0,2540.65,46.65,100.0
13.9,86.7,7.2,1205.13,46.95,82.6
17.1,80.1,7.9,1369.71,44.0,100.0
4.4,89.9,6.6,395.56000000000006,48.25,61.4
25.3,82.6,6.3,2089.7799999999997,44.449999999999996,100.0
6.8,100.0,7.8,680.0,53.9,64.5
16.5,85.7,3.6,1414.05,44.65,100.0
7.3,93.4,2.9,681.82,48.150000000000006,61.4
10.9,95.3,4.0,1038.77,49.65,91.4
9.1,79.2,7.4,720.72,43.300000000000004,73.1
10.7,73.4,5.3,785.38,39.35,89.3
11.2,100.0,4.0,1120.0,52.0,60.6
11.2,65.4,5.5,732.48,35.45,84.3
20.8,76.7,8.8,1595.3600000000001,42.75,98.6
7.3,88.0,6.0,642.4,47.0,71.6
16.5,96.1,6.6,1585.6499999999999,51.349999999999994,73.2
23.5,91.9,6.0,2159.65,48.95,100.0
11.4,76.5,7.4,872.1,41.95,86.6
10.0,90.1,8.9,901.0,49.5,64.5
13.4,71.6,6.0,959.4399999999999,38.8,71.9
23.3,72.5,8.6,1689.25,40.55,93.5
16.4,78.4,4.8,1285.76,41.6,83.5
11.3,74.0,8.6,836.2,41.3,79.8
18.4,88.8,7.8,1633.9199999999998,48.3,95.5
7.3,86.8,7.2,633.64,47.0,47.7
19.8,79.9,9.2,1582.0200000000002,44.550000000000004,100.0
17.9,88.5,7.9,1584.1499999999999,48.2,85.5
12.8,96.3,6.5,1232.64,51.4,82.9
9.1,75.6,9.2,687.9599999999999,42.4,71.7
8.8,78.5,5.7,690.8000000000001,42.1,60.3
18.7,79.5,5.2,1486.6499999999999,42.35,91.3
23.6,91.9,3.7,2168.84,47.800000000000004,100.0
10.5,100.0,4.0,1050.0,52.0,76.7
18.2,93.5,8.0,1701.7,50.75,89.4
0.4,82.7,7.2,33.080000000000005,44.95,50.8
10.9,83.5,3.6,910.15,43.55,83.8
14.8,83.7,3.8,1238.76,43.75,73.8
8.6,66.2,3.2,569.32,34.7,60.8
8.4,80.4,4.3,675.3600000000001,42.35,73.8
10.3,80.2,5.6,826.0600000000001,42.9,74.8
17.0,71.6,4.3,1217.1999999999998,37.949999999999996,73.5
13.7,100.0,3.8,1370.0,51.9,90.7
0.0,73.6,7.0,0.0,40.3,51.1
0.2,85.5,7.9,17.1,46.7,66.0
10.8,87.4,6.6,943.9200000000001,47.0,74.6
18.2,81.8,4.5,1488.76,43.15,96.0
0.0,91.1,7.0,0.0,49.05,68.0
11.5,75.7,7.1,870.5500000000001,41.4,86.1
11.3,74.9,3.8,846.3700000000001,39.35,78.1
24.7,88.8,3.4,2193.3599999999997,46.1,100.0
12.3,84.3,8.6,1036.89,46.449999999999996,87.4
17.7,74.0,8.4,1309.8,41.2,74.1
16.0,91.8,5.2,1468.8,48.5,90.3
0.1,75.7,7.8,7.57,41.75,52.1
20.4,100.0,5.0,2039.9999999999998,52.5,100.0
16.5,68.7,8.4,1133.55,38.550000000000004,88.5
18.6,83.9,7.6,1560.5400000000002,45.75,98.7
40.0,75.7,4.2,3028.0,39.95,100.0
0.4,98.6,7.4,39.44,53.0,51.7
27.1,82.2,6.2,2227.6200000000003,44.2,100.0
13.0,97.8,5.1,1271.3999999999999,51.449999999999996,64.6
17.0,69.1,9.2,1174.6999999999998,39.15,82.3
14.7,97.7,6.5,1436.19,52.1,69.4
12.0,99.3,3.1,1191.6,51.199999999999996,71.2
11.0,77.6,5.2,853.5999999999999,41.4,76.2
17.3,93.5,7.5,1617.55,50.5,100.0
4.4,81.6,5.9,359.04,43.75,45.8
20.3,97.0,4.6,1969.1000000000001,50.8,100.0
12.1,75.6,7.8,914.7599999999999,41.699999999999996,71.7
7.1,85.1,7.3,604.2099999999999,46.199999999999996,75.7
11.8,78.3,8.0,923.94,43.15,84.3
23.8,83.7,5.7,1992.0600000000002,44.7,100.0
11.3,92.9,6.7,1049.7700000000002,49.800000000000004,86.3
17.5,84.3,4.6,1475.25,44.449999999999996,100.0
9.9,97.2,7.3,962.2800000000001,52.25,86.9
20.3,81.9,5.1,1662.5700000000002,43.5,94.3
19.8,88.0,4.5,1742.4,46.25,100.0
27.9,87.7,4.6,2446.83,46.15,100.0
13.8,75.9,8.4,1047.42,42.150000000000006,76.6
19.7,100.0,4.1,1970.0,52.05,97.5
15.7,100.0,5.0,1570.0,52.5,87.7
24.1,86.9,2.0,2094.2900000000004,44.45,98.4
10.0,87.8,7.5,878.0,47.65,79.9
20.2,100.0,5.7,2020.0,52.85,97.1
13.6,83.2,10.0,1131.52,46.6,79.8
14.6,90.3,2.1,1318.3799999999999,46.199999999999996,73.4
15.6,86.0,7.4,1341.6,46.7,88.3
16.8,70.8,5.5,1189.44,38.15,85.2
14.2,87.8,6.2,1246.76,47.0,75.7
16.5,85.0,6.1,1402.5,45.55,95.6
26.0,75.8,6.5,1970.8,41.15,100.0
21.9,85.6,4.5,1874.6399999999996,45.05,100.0
21.1,65.3,4.4,1377.83,34.85,100.0
11.8,95.6,10.0,1128.08,52.8,67.6
8.8,80.5,3.5,708.4000000000001,42.0,61.6
21.7,100.0,6.5,2170.0,53.25,95.1
21.1,93.2,8.9,1966.5200000000002,51.050000000000004,100.0
25.3,94.3,7.4,2385.79,50.85,100.0
10.8,86.4,4.8,933.1200000000001,45.6,85.3
13.4,87.6,9.3,1173.84,48.449999999999996,100.0
3.5,75.4,8.7,263.90000000000003,42.050000000000004,65.4
12.3,77.3,6.7,950.79,42.0,78.8
22.0,81.7,6.7,1797.4,44.2,100.0
11.7,82.1,5.4,960.5699999999998,43.75,68.9
19.5,95.7,3.8,1866.15,49.75,86.3
13.7,86.5,7.2,1185.05,46.85,97.8
17.3,65.5,9.0,1133.15,37.25,96.7
7.0,77.0,5.4,539.0,41.2,33.8
15.6,94.4,5.8,1472.64,50.1,81.5
0.0,74.3,6.2,0.0,40.25,66.1
13.7,78.0,7.2,1068.6,42.6,71.9
3.6,83.3,4.6,299.88,43.949999999999996,73.0
23.4,93.5,6.1,2187.9,49.8,93.4
20.4,82.0,7.2,1672.8,44.6,100.0
18.3,81.6,6.4,1493.28,44.0,90.9
25.6,69.3,2.8,1774.08,36.05,100.0
8.4,75.0,3.1,630.0,39.05,73.5
27.2,92.7,3.9,2521.44,48.300000000000004,100.0
21.5,87.1,3.4,1872.6499999999999,45.25,100.0
13.3,89.4,8.9,1189.0200000000002,49.150000000000006,90.6
22.9,67.6,7.1,1548.0399999999997,37.349999999999994,100.0
7.3,85.2,5.9,621.96,45.550000000000004,71.5
9.2,84.5,4.1,777.4,44.3,81.1
10.7,82.2,4.2,879.54,43.2,80.5
11.3,72.3,5.2,816.99,38.75,78.7
7.6,79.6,6.1,604.9599999999999,42.849999999999994,74.0
23.6,100.0,6.7,2360.0,53.35,100.0
13.2,92.0,8.7,1214.3999999999999,50.35,87.1
17.5,77.5,4.9,1356.25,41.2,91.4
11.0,84.0,8.2,924.0,46.1,76.0
2.3,63.1,9.5,145.13,36.3,67.5
16.9,80.5,5.7,1360.4499999999998,43.1,100.0
1.6,80.9,5.6,129.44000000000003,43.25,57.9
14.5,100.0,10.0,1450.0,55.0,92.4
5.4,74.6,7.4,402.84,41.0,63.9
28.9,96.4,7.0,2785.96,51.7,100.0
21.4,86.4,5.4,1848.96,45.900000000000006,96.6
15.7,71.8,5.1,1127.26,38.449999999999996,100.0
23.8,96.3,9.6,2291.94,52.949999999999996,100.0
9.1,82.7,4.0,752.57,43.35,94.6
18.8,90.8,5.4,1707.04,48.1,96.8
16.4,100.0,7.2,1639.9999999999998,53.6,96.6
16.8,76.8,4.9,1290.24,40.85,79.9
23.9,93.8,8.7,2241.8199999999997,51.25,100.0
20.1,77.1,4.7,1549.71,40.9,100.0
17.0,88.1,9.6,1497.6999999999998,48.849999999999994,86.5
3.4,86.8,8.5,295.12,47.65,61.2
8.3,85.6,2.5,710.48,44.05,67.9
14.1,79.7,4.1,1123.77,41.9,74.5
15.7,91.0,4.9,1428.7,47.95,90.1
7.1,83.3,3.9,591.43,43.6,77.5
31.9,100.0,3.8,3190.0,51.9,100.0
25.6,90.1,3.4,2306.56,46.75,100.0
19.2,81.7,4.8,1568.64,43.25,84.6
15.5,85.7,4.8,1328.3500000000001,45.25,88.5
13.5,82.7,9.2,1116.45,45.95,93.6
8.3,89.0,8.5,738.7,48.75,71.0
15.5,98.2,6.9,1522.1000000000001,52.550000000000004,93.2
16.8,86.5,8.1,1453.2,47.3,90.2
6.3,88.8,6.8,559.4399999999999,47.8,68.5
17.3,73.9,4.5,1278.4700000000003,39.2,83.0
13.9,74.7,2.3,1038.3300000000002,38.5,84.3
1.6,84.8,4.6,135.68,44.699999999999996,60.2
9.0,84.0,3.4,756.0,43.7,79.1
12.1,84.2,4.3,1018.82,44.25,85.3
28.2,69.6,4.9,1962.7199999999998,37.25,100.0
18.9,99.4,7.4,1878.6599999999999,53.400000000000006,91.6
5.7,93.4,5.6,532.38,49.5,62.6
18.4,94.5,9.3,1738.8,51.9,97.5
4.2,88.0,6.9,369.6,47.45,54.3
22.6,93.2,3.0,2106.32,48.1,100.0
11.7,98.3,5.8,1150.11,52.05,65.6
14.3,82.4,4.2,1178.3200000000002,43.300000000000004,81.4
24.3,85.5,6.8,2077.65,46.15,100.0
6.0,84.0,7.0,504.0,45.5,78.1
5.2,91.6,1.5,476.32,46.55,75.1
10.9,89.0,5.9,970.1,47.45,78.0
22.3,74.7,5.2,1665.8100000000002,39.95,100.0
4.4,83.4,5.6,366.96000000000004,44.5,68.3
0.0,78.8,9.4,0.0,44.1,36.8
11.8,94.7,10.0,1117.46,52.35,70.5
18.9,85.6,5.1,1617.8399999999997,45.349999999999994,100.0
23.4,73.1,3.2,1710.5399999999997,38.15,100.0
11.8,92.0,5.9,1085.6000000000001,48.95,78.5
12.1,95.8,5.8,1159.1799999999998,50.8,75.7
23.1,82.7,3.1,1910.3700000000001,42.9,100.0
1.9,82.0,3.1,155.79999999999998,42.55,55.9
12.3,85.8,6.5,1055.34,46.15,75.9
16.3,82.2,7.6,1339.8600000000001,44.9,86.7
18.1,85.5,7.2,1547.5500000000002,46.35,100.0
11.4,86.6,1.9,987.24,44.25,65.6
15.2,81.7,5.1,1241.84,43.4,97.6
0.0,94.0,5.4,0.0,49.7,52.5
10.4,77.5,4.8,806.0,41.15,66.7
18.2,89.8,7.6,1634.36,48.699999999999996,83.9
8.1,70.9,7.2,574.2900000000001,39.050000000000004,52.5
15.4,75.5,5.5,1162.7,40.5,88.7
18.1,85.3,5.7,1543.93,45.5,100.0
12.6,91.9,5.4,1157.94,48.650000000000006,90.8
16.2,87.8,2.5,1422.36,45.15,89.5
8.3,82.6,7.4,685.58,45.0,79.7
13.6,91.2,6.0,1240.32,48.6,92.2
19.3,85.7,8.2,1654.0100000000002,46.95,96.2
16.1,79.1,3.7,1273.51,41.4,74.4
10.9,73.7,2.6,803.33,38.15,78.1
16.6,88.4,8.2,1467.4400000000003,48.300000000000004,100.0
20.0,76.7,3.5,1534.0,40.1,99.1
0.7,94.4,8.0,66.08,51.2,56.5
23.1,83.2,6.4,1921.92,44.800000000000004,100.0
12.6,76.9,8.2,968.94,42.550000000000004,96.8
18.0,91.8,8.4,1652.3999999999999,50.1,100.0
23.4,100.0,3.8,2340.0,51.9,100.0
5.4,85.9,3.5,463.86000000000007,44.7,76.9
10.0,90.7,4.2,907.0,47.45,77.0
13.0,80.9,8.1,1051.7,44.5,90.6
9.5,83.0,6.5,788.5,44.75,83.8
27.1,80.2,7.0,2173.42,43.6,100.0
9.0,100.0,3.3,900.0,51.65,63.4
11.1,73.6,4.7,816.9599999999999,39.15,100.0
16.4,81.1,5.7,1330.0399999999997,43.4,90.8
6.6,100.0,9.4,660.0,54.7,42.6
12.2,88.2,5.0,1076.04,46.6,90.8
17.2,79.6,5.1,1369.12,42.349999999999994,83.7
12.7,68.5,6.5,869.9499999999999,37.5,100.0
14.3,99.6,4.7,1424.28,52.15,89.1
11.3,89.1,7.6,1006.83,48.349999999999994,61.7
4.4,96.6,7.9,425.04,52.25,61.9
17.3,70.2,10.0,1214.46,40.1,75.2
27.3,79.9,5.6,2181.2700000000004,42.75,100.0
15.1,81.3,7.9,1227.6299999999999,44.6,85.2
16.6,89.7,8.8,1489.0200000000002,49.25,97.2
19.8,89.5,5.5,1772.1000000000001,47.5,100.0
6.1,75.7,6.7,461.77,41.2,70.0
26.9,73.6,9.7,1979.8399999999997,41.65,100.0
16.4,99.5,6.2,1631.8,52.85,83.6
26.4,75.1,8.2,1982.6399999999996,41.65,100.0
9.9,87.5,7.9,866.25,47.7,80.8
27.7,85.7,5.1,2373.89,45.4,100.0
20.4,78.7,7.8,1605.48,43.25,95.3
18.9,77.7,5.4,1468.53,41.550000000000004,88.9
16.6,92.0,7.4,1527.2,49.7,93.1
13.3,90.9,6.9,1208.97,48.900000000000006,83.0
23.4,73.6,5.0,1722.2399999999998,39.3,100.0
16.0,84.9,3.9,1358.4,44.400000000000006,100.0
1.2,93.1,5.7,111.71999999999998,49.4,64.1
7.2,97.5,8.1,702.0,52.8,76.9
13.7,68.6,6.1,939.8199999999998,37.349999999999994,89.7
17.2,90.2,5.6,1551.44,47.9,100.0
14.6,77.3,7.1,1128.58,42.199999999999996,71.7
23.5,91.8,3.7,2157.2999999999997,47.75,100.0
1.3,80.8,8.8,105.04,44.8,44.5
16.0,84.5,2.6,1352.0,43.55,98.0
2.3,86.3,9.6,198.48999999999998,47.949999999999996,41.7
20.3,97.3,1.0,1975.19,49.15,100.0
14.3,87.7,5.8,1254.1100000000001,46.75,92.0
17.9,76.4,6.5,1367.56,41.45,88.0
9.0,93.8,7.6,844.1999999999999,50.699999999999996,68.7
24.0,88.3,7.2,2119.2,47.75,100.0
22.3,90.4,6.9,2015.9200000000003,48.650000000000006,100.0
19.1,97.4,5.6,1860.3400000000001,51.5,77.2
14.1,73.8,10.0,1040.58,41.9,79.1
19.1,88.8,8.4,1696.0800000000002,48.6,77.6
10.1,78.7,7.4,794.87,43.050000000000004,74.8
21.0,74.0,10.0,1554.0,42.0,94.1
26.5,70.1,7.9,1857.6499999999999,39.0,100.0
22.5,97.7,7.6,2198.25,52.65,100.0
9.9,97.4,6.0,964.2600000000001,51.7,54.9
17.5,69.0,5.9,1207.5,37.45,71.6
5.9,92.6,7.8,546.34,50.199999999999996,54.7
19.0,90.8,6.0,1725.2,48.4,100.0
18.2,92.1,1.2,1676.2199999999998,46.65,90.3
1.9,83.0,2.4,157.7,42.7,69.0
6.9,83.5,5.5,576.15,44.5,75.7
13.0,91.1,6.2,1184.3,48.65,84.5
12.9,91.2,7.5,1176.48,49.35,100.0
6.5,82.6,3.6,536.9,43.099999999999994,78.5
17.7,72.7,1.8,1286.79,37.25,94.1
16.8,75.1,5.1,1261.68,40.099999999999994,94.4
13.6,75.8,2.1,1030.8799999999999,38.949999999999996,94.4
9.7,80.2,4.7,777.9399999999999,42.45,61.9
22.3,92.2,6.7,2056.06,49.45,100.0
26.6,76.7,4.7,2040.2200000000003,40.7,100.0
11.6,81.3,5.7,943.0799999999999,43.5,75.5
10.7,84.3,7.5,902.0099999999999,45.9,100.0
18.4,83.8,4.1,1541.9199999999998,43.949999999999996,86.8
12.5,70.3,8.2,878.75,39.25,81.0
14.0,87.6,5.6,1226.3999999999999,46.599999999999994,87.1
20.2,92.9,8.3,1876.5800000000002,50.6,89.9
1.6,100.0,6.5,160.0,53.25,37.1
24.2,81.3,4.9,1967.4599999999998,43.1,100.0
15.5,84.7,8.5,1312.8500000000001,46.6,80.5
12.1,93.5,3.8,1131.35,48.65,66.9
14.4,80.3,5.6,1156.32,42.949999999999996,81.6
14.7,76.2,5.3,1120.14,40.75,80.8
2.9,80.9,4.9,234.61,42.900000000000006,40.2
25.5,83.7,5.9,2134.35,44.800000000000004,100.0
15.3,100.0,8.3,1530.0,54.15,91.2
18.1,85.9,9.7,1554.7900000000002,47.800000000000004,93.4
21.7,87.1,7.3,1890.0699999999997,47.199999999999996,100.0
7.9,94.8,6.2,748.92,50.5,64.0
18.3,93.8,6.3,1716.54,50.05,100.0
13.1,100.0,6.8,1310.0,53.4,79.2
20.9,84.6,4.8,1768.1399999999999,44.699999999999996,100.0
0.1,94.9,7.5,9.49,51.2,40.2
14.3,79.3,7.1,1133.99,43.199999999999996,79.0
10.8,81.8,8.2,883.44,45.0,73.0
18.0,80.1,7.5,1441.8,43.8,99.4
18.3,94.4,6.5,1727.5200000000002,50.45,83.3
10.0,95.8,1.8,958.0,48.8,84.9
10.0,81.2,4.6,812.0,42.9,76.5
14.2,77.7,6.0,1103.34,41.85,90.3
8.7,94.4,6.6,821.28,50.5,87.3
20.9,99.7,10.0,2083.73,54.85,100.0
12.4,82.1,5.9,1018.04,44.0,70.6
0.0,98.2,4.4,0.0,51.300000000000004,66.5
12.4,85.4,5.1,1058.96,45.25,87.2
7.7,81.5,0.1,627.5500000000001,40.8,52.4
3.6,88.4,5.9,318.24,47.150000000000006,68.6
6.3,94.0,7.8,592.1999999999999,50.9,62.0
15.8,88.9,1.7,1404.6200000000001,45.300000000000004,90.1
24.3,79.5,7.3,1931.8500000000001,43.4,100.0
17.2,76.2,5.1,1310.64,40.65,90.8
10.8,91.7,4.2,990.3600000000001,47.95,78.1
18.2,84.1,4.5,1530.62,44.3,100.0
11.8,91.8,7.0,1083.24,49.4,63.8
10.1,98.9,5.3,998.89,52.1,90.0
6.9,90.4,7.3,623.7600000000001,48.85,65.6
2.7,71.1,4.1,191.97,37.599999999999994,53.4
12.3,100.0,4.7,1230.0,52.35,90.8
16.1,94.6,3.1,1523.06,48.849999999999994,89.0
14.3,91.7,6.7,1311.3100000000002,49.2,78.4
12.1,86.7,5.6,1049.07,46.15,93.1
8.4,80.2,5.3,673.6800000000001,42.75,68.4
19.3,84.5,8.0,1630.8500000000001,46.25,100.0
5.8,80.0,5.3,464.0,42.65,74.6
20.4,72.0,5.6,1468.8,38.8,100.0
8.0,87.8,6.0,702.4,46.9,75.0
9.7,79.4,6.1,770.18,42.75,93.4
4.7,77.6,9.1,364.71999999999997,43.349999999999994,64.9
11.5,66.2,6.2,761.3000000000001,36.2,93.4
21.8,78.1,8.4,1702.58,43.25,100.0
18.6,85.5,5.8,1590.3000000000002,45.65,100.0
21.8,94.3,4.8,2055.74,49.55,100.0
18.7,73.8,7.3,1380.06,40.55,84.6
7.3,84.2,8.1,614.66,46.15,81.9
12.7,100.0,8.3,1270.0,54.15,85.1
9.5,82.4,7.5,782.8000000000001,44.95,75.9
24.3,81.8,4.2,1987.74,43.0,100.0
6.6,88.8,6.0,586.0799999999999,47.4,66.2
21.3,91.6,4.8,1951.08,48.199999999999996,100.0
21.3,88.9,3.5,1893.5700000000002,46.2,100.0
27.8,81.7,10.0,2271.26,45.85,100.0
12.1,68.0,5.9,822.8,36.95,53.0
20.0,79.1,8.1,1582.0,43.599999999999994,100.0
31.0,72.6,2.3,2250.6,37.449999999999996,100.0
10.7,84.3,7.7,902.0099999999999,46.0,82.1
4.3,66.1,4.9,284.22999999999996,35.5,52.3
1.8,100.0,3.9,180.0,51.95,59.7
20.0,64.2,5.8,1284.0,35.0,85.0
1.8,80.1,5.3,144.18,42.699999999999996,42.4
12.4,84.3,7.6,1045.32,45.949999999999996,85.3
18.1,97.3,7.0,1761.13,52.15,89.9
16.3,100.0,6.6,1630.0,53.3,100.0
18.0,85.0,9.5,1530.0,47.25,100.0
16.6,92.0,6.1,1527.2,49.05,82.3
24.0,100.0,4.9,2400.0,52.45,95.4
8.3,88.7,4.1,736.21,46.4,64.9
10.3,91.4,3.5,941.4200000000001,47.45,56.3
9.6,79.0,7.2,758.4,43.1,65.0
20.8,80.8,6.7,1680.64,43.75,100.0
21.3,73.2,5.6,1559.16,39.4,91.6
18.2,93.8,5.4,1707.1599999999999,49.6,82.3
23.3,77.4,2.6,1803.4200000000003,40.0,100.0
6.8,72.9,8.2,495.72,40.550000000000004,70.1
26.7,94.8,6.2,2531.16,50.5,100.0
25.7,70.9,5.4,1822.13,38.150000000000006,100.0
20.1,100.0,3.1,2010.0000000000002,51.55,97.5
27.5,85.4,6.1,2348.5,45.75,100.0
3.4,99.3,8.1,337.62,53.699999999999996,48.1
11.3,82.4,0.2,931.1200000000001,41.300000000000004,63.4
9.9,95.1,5.1,941.49,50.099999999999994,80.6
20.1,88.7,7.0,1782.8700000000001,47.85,99.0
7.6,87.5,8.3,665.0,47.9,70.8
20.3,81.2,1.0,1648.3600000000001,41.1,100.0
24.6,95.6,7.3,2351.76,51.449999999999996,100.0
19.9,98.2,6.6,1954.1799999999998,52.4,86.2
17.0,85.9,5.8,1460.3000000000002,45.85,82.4
8.1,78.3,9.6,634.2299999999999,43.949999999999996,39.0
9.1,82.0,6.5,746.1999999999999,44.25,81.8
23.7,81.1,4.7,1922.0699999999997,42.9,100.0
20.5,86.3,6.6,1769.1499999999999,46.449999999999996,100.0
14.7,98.1,3.3,1442.07,50.699999999999996,94.2
12.1,82.9,7.2,1003.09,45.050000000000004,85.9
0.8,86.9,4.4,69.52000000000001,45.650000000000006,46.2
7.5,85.4,6.1,640.5,45.75,69.8
28.4,79.0,4.7,2243.6,41.85,100.0
6.0,92.0,6.9,552.0,49.45,73.8
16.3,84.7,5.0,1380.6100000000001,44.85,82.9
22.1,74.4,4.6,1644.2400000000002,39.5,100.0
6.2,90.9,4.1,563.58,47.5,74.8
16.3,73.7,6.2,1201.3100000000002,39.95,84.2
21.6,89.1,5.7,1924.56,47.4,100.0
15.1,69.7,1.1,1052.47,35.4,83.1
35.1,92.3,8.7,3239.73,50.5,100.0
3.3,87.1,4.8,287.42999999999995,45.949999999999996,43.6
22.4,92.2,4.1,2065.2799999999997,48.15,100.0
13.8,76.6,8.3,1057.08,42.449999999999996,95.1
20.4,99.7,8.2,2033.8799999999999,53.95,100.0
18.1,83.2,8.5,1505.92,45.85,98.0
9.9,81.7,4.4,808.83,43.050000000000004,71.7
16.6,77.9,5.6,1293.14,41.75,89.2
2.0,90.1,7.4,180.2,48.75,53.6
19.2,87.8,3.9,1685.76,45.85,85.1
17.1,87.8,8.2,1501.38,48.0,89.5
19.5,100.0,7.8,1950.0,53.9,100.0
22.4,98.3,2.7,2201.9199999999996,50.5,100.0
17.6,79.3,3.4,1395.68,41.35,99.5
16.0,83.7,7.2,1339.2,45.45,89.3
8.8,100.0,8.5,880.0000000000001,54.25,75.9
10.0,91.0,4.0,910.0,47.5,71.1
23.3,74.5,6.3,1735.8500000000001,40.4,100.0
25.1,92.3,8.7,2316.73,50.5,100.0
13.3,90.2,1.0,1199.66,45.6,67.7
15.3,76.8,8.2,1175.04,42.5,98.5
8.7,62.8,3.2,546.3599999999999,33.0,83.8
23.2,75.2,6.4,1744.64,40.800000000000004,100.0
19.7,93.7,5.6,1845.89,49.65,82.9
28.6,65.6,1.9,1876.1599999999999,33.75,100.0
8.9,75.0,6.3,667.5,40.65,71.0
12.4,67.7,2.7,839.48,35.2,85.2
16.6,87.3,4.5,1449.18,45.9,100.0
19.5,91.5,5.6,1784.25,48.55,100.0
13.5,94.3,5.1,1273.05,49.699999999999996,87.4
8.9,76.8,8.6,683.52,42.699999999999996,65.7
21.2,65.3,4.4,1384.36,34.85,100.0
20.0,91.6,8.0,1832.0,49.8,86.3
8.6,84.6,6.4,727.56,45.5,73.5
24.5,89.0,8.2,2180.5,48.6,100.0
23.2,71.4,6.3,1656.48,38.85,95.1
15.9,75.5,2.3,1200.45,38.9,100.0
15.6,86.9,8.5,1355.64,47.7,77.9
18.9,64.9,8.3,1226.6100000000001,36.6,100.0
9.0,83.2,7.3,748.8000000000001,45.25,74.7
15.2,75.4,5.8,1146.08,40.6,85.9
0.0,100.0,9.8,0.0,54.9,28.2
21.1,77.8,9.1,1641.5800000000002,43.449999999999996,100.0
4.1,72.1,6.5,295.60999999999996,39.3,66.6
25.5,100.0,5.3,2550.0,52.65,100.0
12.7,99.3,4.4,1261.11,51.85,94.8
13.5,84.1,2.8,1135.35,43.449999999999996,77.4
10.6,97.4,3.9,1032.44,50.650000000000006,85.1
13.0,90.2,4.0,1172.6000000000001,47.1,89.6
24.9,88.0,6.3,2191.2,47.15,100.0
0.0,88.6,7.5,0.0,48.05,50.6
23.9,80.5,3.3,1923.9499999999998,41.9,94.7
17.4,84.0,4.9,1461.6,44.45,82.1
6.6,83.8,5.6,553.0799999999999,44.699999999999996,70.7
7.5,100.0,9.3,750.0,54.65,50.2
26.7,83.5,8.6,2229.45,46.05,100.0
8.4,93.4,2.9,784.5600000000001,48.150000000000006,76.1
6.9,82.7,1.8,570.63,42.25,69.2
23.0,81.5,7.8,1874.5,44.65,100.0
17.4,90.7,5.4,1578.1799999999998,48.050000000000004,100.0
8.4,89.9,5.9,755.1600000000001,47.900000000000006,53.0
16.5,71.7,4.5,1183.05,38.1,100.0
7.8,84.0,6.8,655.1999999999999,45.4,70.0
22.7,82.9,1.4,1881.8300000000002,42.150000000000006,100.0
22.4,90.0,4.4,2015.9999999999998,47.2,97.0
18.7,100.0,3.4,1870.0,51.7,87.7
17.5,95.8,3.9,1676.5,49.85,98.5
27.3,75.9,6.9,2072.07,41.400000000000006,100.0
15.0,96.5,3.1,1447.5,49.8,99.9
6.7,86.8,4.9,581.56,45.85,50.6
18.1,94.9,3.9,1717.6900000000003,49.400000000000006,100.0
29.6,85.4,3.2,2527.84,44.300000000000004,100.0
7.9,74.6,7.9,589.34,41.25,84.0
12.5,99.0,5.8,1237.5,52.4,69.9
17.9,69.0,5.8,1235.1,37.4,96.9
14.6,100.0,2.4,1460.0,51.2,89.6
8.1,89.7,4.1,726.5699999999999,46.9,79.7
22.9,84.7,5.5,1939.6299999999999,45.1,95.2
31.2,97.4,9.3,3038.88,53.35,100.0
16.4,94.2,4.3,1544.8799999999999,49.25,99.4
8.7,85.7,7.3,745.5899999999999,46.5,70.4
4.2,71.8,7.3,301.56,39.55,48.0
16.8,95.2,3.8,1599.3600000000001,49.5,98.5
22.7,75.8,4.9,1720.6599999999999,40.35,100.0
18.3,87.0,7.7,1592.1000000000001,47.35,85.4
15.0,75.8,6.0,1137.0,40.9,84.5
10.9,80.5,2.5,877.45,41.5,83.8
7.4,90.9,6.9,672.6600000000001,48.900000000000006,70.4
20.8,100.0,4.3,2080.0,52.15,97.7
21.4,63.3,8.9,1354.62,36.1,100.0
4.2,100.0,7.8,420.0,53.9,69.1
26.1,76.3,6.5,1991.43,41.4,100.0
19.0,93.9,7.2,1784.1000000000001,50.550000000000004,92.0
24.8,89.0,2.7,2207.2000000000003,45.85,100.0
5.6,84.2,7.1,471.52,45.65,63.0
5.4,71.3,6.7,385.02,39.0,57.2
14.0,95.9,7.5,1342.6000000000001,51.7,64.7
18.5,91.8,5.2,1698.3,48.5,99.3
27.6,77.5,9.6,2139.0,43.55,100.0
19.9,81.5,6.6,1621.85,44.05,100.0
13.3,91.2,6.1,1212.96,48.65,91.8
7.8,74.3,7.0,579.54,40.65,72.9
23.6,85.7,6.3,2022.5200000000002,46.0,89.9
8.2,81.0,8.8,664.1999999999999,44.9,51.6
26.4,81.4,6.6,2148.96,44.0,100.0
13.0,92.1,5.3,1197.3,48.699999999999996,77.0
26.1,72.8,3.7,1900.08,38.25,90.8
19.8,77.9,6.2,1542.42,42.050000000000004,100.0
14.0,95.7,5.7,1339.8,50.7,89.6
11.4,89.1,10.0,1015.74,49.55,70.8
12.6,82.6,5.2,1040.76,43.9,81.1
18.0,94.3,5.9,1697.3999999999999,50.1,85.6
15.5,95.7,6.7,1483.3500000000001,51.2,99.9
10.8,96.6,1.1,1043.28,48.849999999999994,83.6
13.8,62.7,9.1,865.2600000000001,35.9,75.4
15.6,79.8,10.0,1244.8799999999999,44.9,100.0
0.1,80.1,8.1,8.01,44.099999999999994,53.1
18.2,92.0,3.4,1674.3999999999999,47.7,76.1
8.1,80.9,9.2,655.29,45.050000000000004,75.0
6.9,68.0,10.0,469.20000000000005,39.0,74.9
3.2,100.0,4.0,320.0,52.0,62.7
2.4,84.7,8.6,203.28,46.65,39.2
5.5,81.0,7.8,445.5,44.4,80.3
10.0,79.7,8.4,797.0,44.050000000000004,66.2
28.7,95.6,4.4,2743.72,50.0,100.0
11.3,93.7,5.1,1058.8100000000002,49.4,72.1
16.2,81.1,5.9,1313.82,43.5,100.0
17.8,81.1,8.0,1443.58,44.55,100.0
15.9,90.4,6.4,1437.3600000000001,48.400000000000006,98.1
14.5,82.2,6.7,1191.9,44.45,90.4
6.6,93.2,6.3,615.12,49.75,52.5
25.2,96.3,6.5,2426.7599999999998,51.4,100.0
27.7,92.8,3.9,2570.56,48.35,100.0
3.2,69.7,2.1,223.04000000000002,35.9,53.1
7.8,66.4,7.8,517.9200000000001,37.1,66.2
13.0,75.4,6.0,980.2,40.7,88.1
8.2,80.9,3.3,663.38,42.1,77.8
18.5,74.5,0.4,1378.25,37.45,77.1
9.9,84.5,7.1,836.5500000000001,45.8,77.4
30.2,82.6,4.3,2494.52,43.449999999999996,100.0
23.3,95.1,6.8,2215.83,50.949999999999996,100.0
16.5,72.3,4.1,1192.95,38.199999999999996,99.8
22.2,81.6,4.8,1811.5199999999998,43.199999999999996,100.0
22.7,67.8,8.3,1539.06,38.05,100.0
11.1,65.1,6.7,722.6099999999999,35.9,70.5
9.3,72.8,9.2,677.0400000000001,41.0,66.5
15.5,91.4,6.4,1416.7,48.900000000000006,82.2
21.0,74.4,6.9,1562.4,40.650000000000006,100.0
16.0,84.1,8.5,1345.6,46.3,88.6
4.0,84.1,7.5,336.4,45.8,67.5
9.4,100.0,10.0,940.0,55.0,63.4
14.5,97.9,9.5,1419.5500000000002,53.7,89.2
14.5,73.8,5.1,1070.1,39.449999999999996,90.3
28.8,94.6,6.6,2724.48,50.599999999999994,100.0
5.3,96.3,8.1,510.39,52.199999999999996,50.4
18.5,85.1,8.3,1574.35,46.699999999999996,93.8
25.4,82.5,0.0,2095.5,41.25,100.0
30.9,91.4,6.9,2824.26,49.150000000000006,100.0
12.2,84.7,7.8,1033.34,46.25,77.1
18.4,98.2,7.5,1806.8799999999999,52.85,100.0
19.0,89.7,4.5,1704.3,47.1,85.9
16.4,80.2,9.6,1315.28,44.9,91.8
14.3,75.9,6.4,1085.3700000000001,41.150000000000006,92.4
18.1,80.1,6.7,1449.81,43.4,100.0
0.0,95.1,6.6,0.0,50.849999999999994,45.8
19.8,78.5,6.1,1554.3,42.3,100.0
15.9,98.9,5.0,1572.5100000000002,51.95,100.0
13.4,79.7,4.7,1067.98,42.2,77.7
29.3,68.4,10.0,2004.1200000000001,39.2,100.0
10.3,68.6,5.2,706.58,36.9,68.0
12.2,77.4,9.3,944.28,43.35,82.8
28.9,67.8,7.6,1959.4199999999998,37.699999999999996,100.0
9.2,99.8,3.5,918.1599999999999,51.65,65.7
11.1,100.0,5.7,1110.0,52.85,83.0
14.0,89.9,5.6,1258.6000000000001,47.75,74.4
20.9,87.5,7.2,1828.7499999999998,47.35,95.1
16.5,83.1,5.3,1371.1499999999999,44.199999999999996,81.9
6.0,94.5,8.0,567.0,51.25,84.4
11.3,94.0,4.4,1062.2,49.2,74.9
10.7,79.2,6.2,847.4399999999999,42.7,51.9
14.5,83.5,8.0,1210.75,45.75,79.9
18.0,85.1,7.2,1531.8,46.15,100.0
17.9,84.7,6.4,1516.1299999999999,45.550000000000004,94.0
2.6,81.1,5.0,210.85999999999999,43.05,63.1
22.4,85.4,5.3,1912.96,45.35,100.0
16.8,84.2,5.2,1414.5600000000002,44.7,100.0
24.7,79.4,6.0,1961.18,42.7,100.0
18.1,71.3,6.6,1290.53,38.949999999999996,84.9
22.7,89.5,5.2,2031.6499999999999,47.35,100.0
18.3,75.1,5.3,1374.33,40.199999999999996,82.9
24.4,70.4,10.0,1717.76,40.2,100.0
18.7,81.1,5.3,1516.57,43.199999999999996,100.0
14.3,89.2,4.5,1275.5600000000002,46.85,68.7
30.9,77.7,4.2,2400.93,40.95,100.0
21.2,60.4,6.6,1280.48,33.5,100.0
19.0,90.9,4.6,1727.1000000000001,47.75,99.1
6.1,81.1,6.6,494.7099999999999,43.849999999999994,77.8
6.0,85.7,5.5,514.2,45.6,63.7
17.0,75.3,8.6,1280.1,41.949999999999996,91.1
16.0,79.0,5.7,1264.0,42.35,63.3
10.7,96.8,4.4,1035.76,50.6,93.2
16.0,72.4,6.8,1158.4,39.6,85.9
26.1,83.2,7.6,2171.52,45.4,100.0
19.9,72.6,9.9,1444.7399999999998,41.25,94.3
7.0,88.4,5.1,618.8000000000001,46.75,60.9
14.2,88.8,7.1,1260.9599999999998,47.949999999999996,96.7
9.4,77.5,9.1,728.5,43.3,80.5
12.3,91.5,7.8,1125.45,49.65,98.0
12.1,73.0,4.0,883.3,38.5,53.7
11.7,97.2,8.1,1137.24,52.65,87.5
6.2,91.7,4.3,568.5400000000001,48.0,59.2
14.1,85.7,7.5,1208.3700000000001,46.6,77.0
11.1,73.2,6.9,812.52,40.050000000000004,77.8
0.0,89.3,3.3,0.0,46.3,51.1
29.4,79.1,3.0,2325.5399999999995,41.05,100.0
22.6,96.4,3.4,2178.6400000000003,49.900000000000006,97.3
12.4,80.3,3.4,995.72,41.85,79.3
15.1,98.7,4.9,1490.3700000000001,51.800000000000004,100.0
6.8,94.8,5.7,644.64,50.25,72.5
26.9,64.4,4.8,1732.3600000000001,34.6,100.0
28.3,97.8,10.0,2767.74,53.9,100.0
16.1,76.4,5.4,1230.0400000000002,40.900000000000006,87.1
22.2,84.8,4.6,1882.56,44.699999999999996,100.0
16.2,94.5,2.9,1530.8999999999999,48.7,91.3
5.6,94.0,6.6,526.4,50.3,77.6
12.1,76.0,5.2,919.6,40.6,76.1
15.9,83.7,1.4,1330.8300000000002,42.550000000000004,82.9
11.8,89.7,6.3,1058.46,48.0,79.2
13.5,93.6,6.5,1263.6,50.05,100.0
14.4,93.2,2.7,1342.0800000000002,47.95,94.5
14.4,80.1,4.6,1153.44,42.349999999999994,85.6
15.4,84.3,6.0,1298.22,45.15,89.0
7.6,91.5,6.0,695.4,48.75,70.7
10.0,74.0,10.0,740.0,42.0,69.8
6.0,83.3,9.5,499.79999999999995,46.4,63.5
21.8,86.0,7.4,1874.8,46.7,100.0
0.3,91.1,9.4,27.33,50.25,42.1
23.1,81.1,4.1,1873.41,42.599999999999994,100.0
24.7,83.2,5.4,2055.04,44.300000000000004,94.5
12.9,69.7,6.6,899.1300000000001,38.15,76.1
0.0,79.9,5.7,0.0,42.800000000000004,38.5
12.5,88.5,7.9,1106.25,48.2,89.7
14.6,91.0,4.1,1328.6,47.55,78.4
7.9,87.8,6.5,693.62,47.15,75.0
11.4,98.3,9.9,1120.62,54.1,67.9
25.7,77.3,6.8,1986.61,42.05,100.0
19.7,81.1,5.0,1597.6699999999998,43.05,100.0
8.5,88.7,7.3,753.95,48.0,75.5
3.8,80.3,6.3,305.14,43.3,67.5
12.7,81.0,5.1,1028.7,43.05,90.9
13.5,77.1,4.1,1040.85,40.599999999999994,71.1
18.5,89.9,9.6,1663.15,49.75,94.9
11.3,82.5,6.7,932.2500000000001,44.6,88.7
18.6,100.0,1.3,1860.0000000000002,50.65,90.2
28.5,100.0,7.5,2850.0,53.75,100.0
20.7,83.2,5.0,1722.24,44.1,100.0
14.7,86.7,3.8,1274.49,45.25,90.9
13.7,89.8,5.7,1230.26,47.75,67.7
12.5,97.7,8.3,1221.25,53.0,87.1
23.3,96.8,6.6,2255.44,51.699999999999996,85.5
10.6,98.3,8.5,1041.98,53.4,76.7
15.3,94.3,5.4,1442.79,49.85,77.3
15.4,81.0,4.3,1247.4,42.65,92.4
11.5,94.3,9.1,1084.45,51.699999999999996,86.5
5.4,76.4,5.6,412.56000000000006,41.0,46.8
17.3,65.4,1.9,1131.42,33.650000000000006,100.0
14.6,91.7,3.5,1338.82,47.6,89.3
18.5,87.6,5.6,1620.6,46.599999999999994,100.0
11.3,89.3,2.6,1009.09,45.949999999999996,75.7
23.5,94.0,4.6,2209.0,49.3,100.0
8.9,81.9,4.1,728.9100000000001,43.0,57.4
27.0,95.4,2.0,2575.8,48.7,100.0
2.8,76.3,3.9,213.64,40.1,57.9
18.0,68.7,9.2,1236.6000000000001,38.95,96.8
18.3,86.7,5.2,1586.6100000000001,45.95,81.9
9.4,68.7,1.1,645.7800000000001,34.9,82.7
18.0,72.2,0.2,1299.6000000000001,36.2,83.7
24.0,90.4,5.6,2169.6000000000004,48.0,100.0
0.0,99.2,5.1,0.0,52.15,49.8
18.5,87.7,3.9,1622.45,45.800000000000004,96.3
0.0,76.1,7.3,0.0,41.699999999999996,30.2
8.2,60.6,7.7,496.91999999999996,34.15,84.2
26.4,75.8,7.2,2001.12,41.5,100.0
10.9,80.6,4.2,878.54,42.4,60.8
6.8,89.4,1.9,607.9200000000001,45.650000000000006,58.5
13.6,81.1,3.6,1102.9599999999998,42.349999999999994,100.0
29.5,74.7,5.6,2203.65,40.15,100.0
2.2,54.3,5.1,119.46000000000001,29.7,65.0
7.6,74.9,0.9,569.24,37.900000000000006,68.9
25.5,100.0,4.2,2550.0,52.1,100.0
28.0,86.5,7.2,2422.0,46.85,90.5
14.3,100.0,4.8,1430.0,52.4,78.2
6.3,85.6,6.5,539.28,46.05,65.4
29.7,75.6,7.2,2245.3199999999997,41.4,100.0
26.2,82.6,8.6,2164.12,45.599999999999994,100.0
19.8,86.0,7.7,1702.8,46.85,100.0
9.3,73.5,5.2,683.5500000000001,39.35,70.7
14.7,63.9,2.2,939.3299999999999,33.05,73.4
13.9,86.1,7.2,1196.79,46.65,100.0
17.3,89.3,4.0,1544.89,46.65,91.8
25.2,98.9,7.8,2492.28,53.35,100.0
21.2,69.4,6.8,1471.28,38.1,100.0
7.5,100.0,6.7,750.0,53.35,88.6
24.6,89.1,8.0,2191.86,48.55,100.0
17.2,80.9,8.0,1391.48,44.45,94.8
19.8,86.7,6.2,1716.66,46.45,100.0
25.3,94.5,4.8,2390.85,49.65,98.4
7.2,84.4,8.7,607.6800000000001,46.550000000000004,60.4
14.7,97.5,5.9,1433.25,51.7,94.1
11.3,86.4,6.2,976.3200000000002,46.300000000000004,95.1
4.0,100.0,7.5,400.0,53.75,57.7
17.4,100.0,6.2,1739.9999999999998,53.1,100.0
32.6,89.5,3.1,2917.7000000000003,46.3,100.0
2.1,92.2,8.2,193.62,50.2,49.1
14.8,82.8,6.4,1225.44,44.6,79.2
19.5,80.9,6.1,1577.5500000000002,43.5,97.1
15.9,71.2,7.4,1132.0800000000002,39.300000000000004,94.4
14.2,100.0,7.3,1420.0,53.65,93.4
5.9,64.3,3.5,379.37,33.9,67.5
16.6,100.0,2.5,1660.0000000000002,51.25,93.9
9.7,78.3,8.2,759.5099999999999,43.25,89.9
0.0,79.8,9.5,0.0,44.65,33.6
23.4,78.7,3.1,1841.58,40.9,100.0
21.7,73.2,7.9,1588.44,40.550000000000004,100.0
15.4,81.3,7.0,1252.02,44.15,90.2
16.6,94.9,7.6,1575.3400000000001,51.25,88.7
22.5,79.3,4.6,1784.25,41.949999999999996,100.0
16.6,94.4,6.8,1567.0400000000002,50.6,98.3
21.3,72.9,6.9,1552.7700000000002,39.900000000000006,89.2
12.9,82.5,4.5,1064.25,43.5,94.7
24.2,97.4,7.9,2357.08,52.650000000000006,92.4
17.2,84.8,4.7,1458.56,44.75,98.1
16.4,75.9,4.9,1244.76,40.400000000000006,98.5
6.1,86.3,10.0,526.43,48.15,69.9
17.0,81.1,8.6,1378.6999999999998,44.849999999999994,88.8
9.2,78.7,7.4,724.04,43.050000000000004,64.5
10.5,74.7,4.4,784.35,39.550000000000004,92.1
9.3,98.8,4.4,918.84,51.6,59.5
7.5,89.6,9.9,672.0,49.75,64.9
29.9,77.5,5.6,2317.25,41.55,100.0
24.3,82.1,5.0,1995.03,43.55,100.0
28.4,83.5,6.7,2371.4,45.1,100.0
6.4,100.0,7.1,640.0,53.55,66.3
15.5,84.2,5.1,1305.1000000000001,44.65,80.8
5.9,94.9,5.2,559.9100000000001,50.050000000000004,62.5
10.1,88.4,4.3,892.84,46.35,90.1
8.6,100.0,9.4,860.0,54.7,64.4
23.7,72.2,2.9,1711.14,37.550000000000004,100.0
12.2,78.1,8.6,952.8199999999998,43.349999999999994,100.0
22.5,100.0,6.5,2250.0,53.25,100.0
19.2,90.5,4.0,1737.6,47.25,100.0
31.1,91.4,4.8,2842.5400000000004,48.1,100.0
4.6,53.9,2.0,247.93999999999997,27.95,79.5
23.8,76.9,6.0,1830.2200000000003,41.45,100.0
23.0,78.8,4.0,1812.3999999999999,41.4,100.0
8.2,81.5,6.2,668.3,43.85,66.1
22.0,100.0,4.6,2200.0,52.3,92.6
17.4,100.0,5.9,1739.9999999999998,52.95,90.9
13.4,69.6,6.0,932.64,37.8,78.9
9.2,73.6,4.5,677.1199999999999,39.05,69.5
10.0,74.6,6.5,746.0,40.55,76.3
29.3,89.7,6.1,2628.21,47.9,100.0
15.0,83.0,3.6,1245.0,43.3,91.4
20.5,90.1,6.7,1847.05,48.4,100.0
9.5,95.0,7.7,902.5,51.35,74.4
9.5,76.9,7.3,730.5500000000001,42.1,68.1
22.6,82.7,5.4,1869.0200000000002,44.050000000000004,100.0
5.6,72.0,3.3,403.2,37.65,66.2
12.1,88.4,5.5,1069.64,46.95,84.1
15.2,87.2,6.4,1325.44,46.800000000000004,91.6
15.8,90.7,8.3,1433.0600000000002,49.5,88.5
13.7,80.7,6.0,1105.59,43.35,74.5
17.8,83.2,5.6,1480.96,44.4,80.7
19.8,71.0,6.2,1405.8,38.6,97.0
20.1,100.0,7.4,2010.0000000000002,53.7,99.4
8.1,84.2,4.4,682.02,44.300000000000004,58.8
13.0,75.8,7.6,985.4,41.699999999999996,100.0
23.4,82.2,5.6,1923.48,43.9,100.0
21.3,86.2,6.2,1836.0600000000002,46.2,100.0
5.4,100.0,7.3,540.0,53.65,50.4
17.5,82.2,9.4,1438.5,45.800000000000004,96.3
1.2,94.4,7.5,113.28,50.95,48.6
15.3,74.2,5.4,1135.26,39.800000000000004,91.7
28.3,80.1,5.2,2266.83,42.65,100.0
8.4,75.2,8.1,631.6800000000001,41.65,69.5
9.2,74.9,9.1,689.08,42.0,70.6
20.3,80.2,8.9,1628.0600000000002,44.550000000000004,100.0
4.2,83.6,6.8,351.12,45.199999999999996,61.9
10.6,77.5,8.0,821.5,42.75,94.7
19.2,60.0,6.5,1152.0,33.25,88.0
10.6,81.6,9.5,864.9599999999999,45.55,64.0
13.3,84.5,7.3,1123.8500000000001,45.9,67.7
20.2,70.5,1.9,1424.1,36.2,100.0
18.0,74.6,6.1,1342.8,40.349999999999994,96.6
16.9,99.4,8.4,1679.86,53.900000000000006,100.0
12.6,86.9,7.6,1094.94,47.25,77.2
17.6,97.8,6.2,1721.2800000000002,52.0,100.0
14.1,97.6,6.7,1376.1599999999999,52.15,72.4
18.2,76.3,6.4,1388.6599999999999,41.35,98.4
11.5,100.0,5.8,1150.0,52.9,91.0
13.7,80.4,3.8,1101.48,42.1,95.1
8.1,68.0,4.6,550.8,36.3,64.3
14.8,100.0,5.2,1480.0,52.6,80.4
9.3,100.0,3.5,930.0000000000001,51.75,68.7
7.2,85.4,7.5,614.8800000000001,46.45,71.6
16.8,68.0,6.4,1142.4,37.2,90.4
16.5,81.4,7.3,1343.1000000000001,44.35,81.0
20.5,79.7,7.8,1633.8500000000001,43.75,100.0
12.0,84.9,5.5,1018.8000000000001,45.2,70.4
17.9,96.6,4.1,1729.1399999999999,50.349999999999994,83.8
18.9,93.8,7.0,1772.8199999999997,50.4,100.0
18.1,62.8,6.5,1136.68,34.65,91.1
9.2,86.6,5.8,796.7199999999999,46.199999999999996,68.2
16.0,84.3,4.7,1348.8,44.5,90.1
17.5,71.7,6.0,1254.75,38.85,91.0
15.1,95.9,4.1,1448.0900000000001,50.0,76.3
0.4,96.5,5.4,38.6,50.95,79.4
16.1,79.4,7.6,1278.3400000000001,43.5,89.2
30.5,87.5,9.0,2668.75,48.25,100.0
12.5,88.7,9.3,1108.75,49.0,85.4
9.9,83.4,5.5,825.6600000000001,44.45,71.0
17.6,91.3,6.7,1606.88,49.0,100.0
17.2,87.7,5.2,1508.44,46.45,94.0
23.3,88.6,6.6,2064.38,47.599999999999994,100.0
6.2,92.0,5.8,570.4,48.9,69.6
20.1,79.1,4.2,1589.91,41.65,95.8
19.1,93.7,4.9,1789.6700000000003,49.300000000000004,100.0
14.0,90.8,7.4,1271.2,49.1,83.1
17.4,87.3,9.5,1519.0199999999998,48.4,82.0
22.2,92.3,7.0,2049.06,49.65,100.0
21.1,86.6,4.2,1827.26,45.4,95.0
7.0,85.8,7.0,600.6,46.4,72.7
20.7,73.8,7.8,1527.6599999999999,40.8,96.5
14.5,74.2,4.3,1075.9,39.25,91.5
15.5,95.3,4.1,1477.1499999999999,49.699999999999996,80.9
15.5,92.2,8.7,1429.1000000000001,50.45,100.0
13.9,80.0,5.3,1112.0,42.65,85.4
23.3,69.2,2.7,1612.3600000000001,35.95,100.0
14.4,77.8,4.7,1120.32,41.25,97.9
7.2,100.0,3.8,720.0,51.9,71.5
12.2,68.5,5.7,835.6999999999999,37.1,72.8
16.3,97.4,5.0,1587.6200000000001,51.2,90.3
23.6,100.0,7.5,2360.0,53.75,100.0
19.2,79.0,6.8,1516.8,42.9,75.8
9.0,70.4,5.8,633.6,38.1,59.1
32.4,99.5,9.7,3223.7999999999997,54.6,100.0
16.9,82.7,5.9,1397.6299999999999,44.300000000000004,83.2
23.9,82.8,7.2,1978.9199999999998,45.0,100.0
13.9,94.7,5.2,1316.3300000000002,49.95,89.3
18.7,91.0,6.2,1701.7,48.6,100.0
20.9,71.8,6.1,1500.62,38.949999999999996,92.6
23.5,86.4,7.4,2030.4,46.900000000000006,96.4
22.4,68.5,4.7,1534.3999999999999,36.6,100.0
21.1,79.7,3.9,1681.67,41.800000000000004,100.0
12.8,98.6,10.0,1262.08,54.3,88.7
11.0,97.6,9.6,1073.6,53.599999999999994,73.5
17.3,100.0,4.6,1730.0,52.3,90.2
21.5,90.2,6.9,1939.3,48.550000000000004,100.0
13.4,92.9,10.0,1244.8600000000001,51.45,67.2
22.5,100.0,6.3,2250.0,53.15,90.9
25.2,90.8,5.9,2288.16,48.35,98.1
8.6,82.7,4.3,711.22,43.5,64.4
9.1,81.1,6.8,738.0099999999999,43.949999999999996,48.4
14.0,90.6,7.6,1268.3999999999999,49.099999999999994,81.6
17.2,82.8,7.3,1424.1599999999999,45.05,92.2
11.3,73.9,7.1,835.0700000000002,40.5,82.2
24.5,83.3,8.6,2040.85,45.949999999999996,100.0
18.0,91.0,6.5,1638.0,48.75,91.1
15.3,93.7,4.7,1433.6100000000001,49.2,88.3
4.9,70.6,7.9,345.94,39.25,70.2
5.8,83.9,4.0,486.62,43.95,70.7
17.0,100.0,5.6,1700.0,52.8,73.0
0.1,82.1,7.3,8.209999999999999,44.699999999999996,60.1
22.1,88.7,6.2,1960.2700000000002,47.45,100.0
13.9,94.5,7.3,1313.55,50.9,84.6
37.7,80.6,3.0,3038.62,41.8,100.0
31.2,72.6,8.3,2265.12,40.449999999999996,100.0
13.7,97.6,4.4,1337.12,51.0,71.9
14.3,87.2,2.2,1246.96,44.7,85.4
22.0,84.5,4.7,1859.0,44.6,99.3
26.9,90.5,6.7,2434.45,48.6,100.0
3.5,81.1,5.6,283.84999999999997,43.349999999999994,63.4
2.5,63.6,7.2,159.0,35.4,47.3
10.6,75.9,3.8,804.5400000000001,39.85,69.9
19.1,93.4,5.2,1783.9400000000003,49.300000000000004,95.2
18.5,80.3,7.5,1485.55,43.9,95.7
22.5,92.3,7.5,2076.75,49.9,100.0
6.6,86.6,5.4,571.56,46.0,83.6
0.0,97.7,9.6,0.0,53.65,49.1
21.0,93.1,3.5,1955.1,48.3,100.0
9.2,100.0,7.2,919.9999999999999,53.6,74.4
0.9,70.3,8.1,63.269999999999996,39.199999999999996,71.4
16.0,86.1,2.8,1377.6,44.449999999999996,93.3
20.6,78.8,7.0,1623.28,42.9,100.0
14.1,92.7,5.5,1307.07,49.1,100.0
11.8,91.9,7.9,1084.42,49.900000000000006,78.2
13.9,88.1,7.8,1224.59,47.949999999999996,100.0
12.4,86.1,8.0,1067.6399999999999,47.05,84.5
5.6,100.0,7.6,560.0,53.8,61.3
10.0,85.2,7.8,852.0,46.5,55.4
18.6,100.0,7.3,1860.0000000000002,53.65,93.2
17.3,80.8,5.8,1397.84,43.3,100.0
16.2,61.9,5.1,1002.78,33.5,99.9
8.0,87.3,5.4,698.4,46.35,55.1
13.7,90.2,4.3,1235.74,47.25,88.7
0.0,100.0,8.9,0.0,54.45,36.4
16.2,89.1,6.2,1443.4199999999998,47.65,76.6
25.0,72.4,4.8,1810.0000000000002,38.6,100.0
4.7,85.8,3.5,403.26,44.65,53.2
10.9,80.5,7.6,877.45,44.05,78.4
17.3,81.8,6.5,1415.14,44.15,94.8
23.8,79.2,8.8,1884.96,44.0,100.0
11.9,66.3,5.8,788.97,36.05,77.8
10.2,93.5,2.8,953.6999999999999,48.15,62.8
1.2,78.4,6.1,94.08,42.25,46.1
15.7,69.9,7.9,1097.43,38.900000000000006,86.6
29.3,87.4,8.3,2560.82,47.85,100.0
16.9,84.0,5.8,1419.6,44.9,94.5
14.8,92.8,3.3,1373.44,48.05,71.7
17.3,85.9,8.2,1486.0700000000002,47.050000000000004,100.0
14.9,78.1,8.4,1163.69,43.25,87.8
9.3,79.0,4.3,734.7,41.65,67.3
20.8,83.0,5.2,1726.4,44.1,100.0
16.6,94.5,6.8,1568.7,50.65,93.1
15.1,87.1,7.1,1315.2099999999998,47.099999999999994,69.1
8.2,80.4,7.5,659.28,43.95,73.6
24.1,78.5,7.7,1891.8500000000001,43.1,90.0
19.7,88.8,5.6,1749.36,47.199999999999996,100.0
11.1,82.6,10.0,916.8599999999999,46.3,73.6
22.0,72.1,5.8,1586.1999999999998,38.949999999999996,100.0
11.5,100.0,5.8,1150.0,52.9,83.3
9.5,68.1,5.0,646.9499999999999,36.55,76.4
9.7,69.9,5.5,678.03,37.7,61.4
2.6,91.5,4.3,237.9,47.9,46.1
18.3,75.7,8.2,1385.3100000000002,41.95,98.2
2.2,87.8,8.0,193.16,47.9,74.8
6.4,75.7,7.8,484.48,41.75,64.0
0.5,86.1,4.8,43.05,45.449999999999996,47.8
14.4,80.3,4.8,1156.32,42.55,83.9
13.9,79.6,7.5,1106.44,43.55,91.4
12.7,81.3,4.4,1032.51,42.85,88.1
7.7,80.5,5.0,619.85,42.75,78.5
6.8,93.4,7.8,635.12,50.6,80.8
18.3,98.3,3.0,1798.89,50.65,100.0
11.1,83.6,4.9,927.9599999999999,44.25,81.3
17.2,66.3,6.1,1140.36,36.199999999999996,89.9
8.8,93.9,6.0,826.3200000000002,49.95,81.9
16.3,86.1,4.6,1403.43,45.349999999999994,92.5
24.1,91.2,10.0,2197.92,50.6,100.0
19.1,100.0,4.8,1910.0000000000002,52.4,100.0
12.1,84.0,7.4,1016.4,45.7,70.6
16.8,100.0,6.2,1680.0,53.1,92.8
13.3,70.9,5.8,942.9700000000001,38.35,91.6
15.1,100.0,5.0,1510.0,52.5,94.2
12.7,80.1,8.0,1017.2699999999999,44.05,96.9
13.8,100.0,6.1,1380.0,53.05,63.8
16.5,80.7,3.5,1331.55,42.1,85.5
8.0,77.5,10.0,620.0,43.75,77.0
7.9,91.9,6.7,726.0100000000001,49.300000000000004,79.9
5.3,97.7,5.4,517.81,51.550000000000004,80.1
3.8,95.3,8.6,362.14,51.949999999999996,67.7
6.5,66.6,3.1,432.9,34.849999999999994,82.8
16.1,83.8,3.2,1349.18,43.5,87.5
8.8,79.4,7.8,698.7200000000001,43.6,67.9
18.6,63.4,4.7,1179.24,34.05,75.2
15.2,90.6,6.9,1377.12,48.75,93.4
1.2,75.2,7.2,90.24,41.2,58.7
19.6,78.9,7.0,1546.4400000000003,42.95,100.0
20.7,85.9,6.6,1778.13,46.25,100.0
8.0,89.0,4.5,712.0,46.75,77.8
17.9,83.3,2.2,1491.07,42.75,86.4
9.0,88.6,5.3,797.4,46.949999999999996,61.1
15.7,99.4,7.3,1560.58,53.35,77.6
6.1,67.7,6.5,412.96999999999997,37.1,58.4
2.4,93.0,5.4,223.2,49.2,70.5
12.3,75.6,4.5,929.88,40.05,82.4
14.1,85.6,6.7,1206.9599999999998,46.15,83.4
12.2,78.0,7.3,951.5999999999999,42.65,94.3
6.7,87.9,8.6,588.9300000000001,48.25,57.0
12.2,82.1,7.3,1001.6199999999999,44.699999999999996,98.4
16.9,73.8,5.0,1247.2199999999998,39.4,84.3
14.7,72.7,5.5,1068.69,39.1,81.5
16.3,85.7,3.6,1396.91,44.65,90.0
10.3,80.0,6.4,824.0,43.2,88.4
23.2,82.2,5.5,1907.04,43.85,100.0
6.8,86.9,6.4,590.9200000000001,46.650000000000006,67.4
18.4,89.4,6.6,1644.96,48.0,83.1
23.3,98.5,7.6,2295.05,53.05,100.0
18.4,78.9,5.3,1451.76,42.1,95.7
13.6,88.9,6.0,1209.04,47.45,75.6
11.3,86.5,6.5,977.45,46.5,69.2
22.3,78.9,3.2,1759.4700000000003,41.050000000000004,100.0
5.0,69.8,5.5,349.0,37.65,76.9
8.2,73.1,6.6,599.4199999999998,39.849999999999994,72.2
12.2,92.7,8.1,1130.94,50.4,79.1
23.7,85.1,4.4,2016.87,44.75,100.0
17.7,85.1,5.1,1506.2699999999998,45.099999999999994,95.4
8.2,100.0,7.9,819.9999999999999,53.95,64.1
12.8,65.5,6.3,838.4000000000001,35.9,76.6
10.7,87.2,7.3,933.04,47.25,83.3
10.0,74.6,5.0,746.0,39.8,80.3
21.9,65.9,3.2,1443.21,34.550000000000004,100.0
5.4,89.8,7.5,484.92,48.65,45.6
26.3,80.5,6.3,2117.15,43.4,100.0
20.8,74.6,3.9,1551.6799999999998,39.25,96.2
22.6,75.0,6.9,1695.0,40.95,100.0
11.8,72.9,8.0,860.2200000000001,40.45,66.2
14.0,72.9,6.6,1020.6000000000001,39.75,92.1
5.0,83.7,8.7,418.5,46.2,61.7
11.3,89.2,7.5,1007.9600000000002,48.35,60.6
18.5,77.9,6.3,1441.15,42.1,94.4
24.1,55.1,4.7,1327.91,29.900000000000002,97.5
7.2,100.0,8.6,720.0,54.3,100.0
12.4,81.4,5.9,1009.3600000000001,43.650000000000006,92.9
13.9,82.1,7.5,1141.19,44.8,84.3
5.2,95.2,7.4,495.04,51.300000000000004,57.5
19.1,83.5,5.4,1594.8500000000001,44.45,93.2
9.9,99.5,8.7,985.0500000000001,54.1,68.6
13.6,82.2,6.0,1117.92,44.1,96.3
11.8,73.2,7.5,863.7600000000001,40.35,64.0
9.5,94.4,8.5,896.8000000000001,51.45,91.6
15.0,83.2,6.3,1248.0,44.75,72.4
13.5,79.3,6.3,1070.55,42.8,66.1
12.4,87.6,5.3,1086.24,46.449999999999996,79.3
9.9,87.3,8.2,864.27,47.75,76.5
17.2,80.1,8.7,1377.7199999999998,44.4,87.5
26.6,72.7,6.7,1933.8200000000002,39.7,100.0
16.0,73.3,6.0,1172.8,39.65,92.9
22.0,77.8,3.6,1711.6,40.699999999999996,93.4
5.3,73.2,5.4,387.96,39.300000000000004,69.3
16.1,100.0,4.3,1610.0000000000002,52.15,93.8
7.3,74.1,2.4,540.93,38.25,74.3
4.7,91.0,8.4,427.7,49.7,66.3
9.8,99.1,4.8,971.1800000000001,51.949999999999996,77.9
23.3,77.8,6.6,1812.74,42.199999999999996,100.0
21.7,89.5,6.3,1942.1499999999999,47.9,99.2
16.7,91.7,4.6,1531.3899999999999,48.15,86.9
4.3,85.8,8.0,368.94,46.9,72.6
13.6,80.2,4.8,1090.72,42.5,74.2
17.1,92.3,7.8,1578.3300000000002,50.05,87.9
16.2,92.1,4.0,1492.0199999999998,48.05,100.0
2.1,81.0,5.5,170.1,43.25,31.0
8.8,98.9,3.8,870.3200000000002,51.35,81.8
14.6,89.0,4.8,1299.3999999999999,46.9,82.8
18.8,83.2,3.3,1564.16,43.25,85.3
0.0,89.6,5.9,0.0,47.75,50.6
13.9,93.0,3.0,1292.7,48.0,82.7
16.0,100.0,8.4,1600.0,54.2,79.7
20.9,86.3,7.8,1803.6699999999998,47.05,100.0
19.9,86.6,5.4,1723.3399999999997,46.0,100.0
19.1,82.6,7.7,1577.66,45.15,100.0
9.4,99.1,5.1,931.54,52.099999999999994,76.7
1.6,89.1,6.0,142.56,47.55,71.5
12.2,73.3,9.0,894.2599999999999,41.15,95.8
22.0,88.9,2.5,1955.8000000000002,45.7,100.0
24.8,83.6,8.7,2073.2799999999997,46.15,92.6
20.0,81.1,3.4,1622.0,42.25,100.0
18.0,89.3,9.5,1607.3999999999999,49.4,84.5
17.7,73.4,8.3,1299.18,40.85,100.0
11.1,93.9,3.7,1042.29,48.800000000000004,65.4
14.1,100.0,5.3,1410.0,52.65,100.0
26.7,95.8,3.6,2557.8599999999997,49.699999999999996,100.0
8.4,87.4,5.7,734.1600000000001,46.550000000000004,79.3
26.3,77.8,9.2,2046.1399999999999,43.5,100.0
12.7,82.6,6.3,1049.02,44.449999999999996,87.7
24.3,95.7,5.2,2325.51,50.45,99.0
5.2,83.5,5.9,434.2,44.7,45.8
19.1,74.9,4.9,1430.5900000000001,39.900000000000006,100.0
9.8,79.0,4.0,774.2,41.5,85.9
5.1,100.0,3.2,509.99999999999994,51.6,62.3
16.5,90.4,0.7,1491.6000000000001,45.550000000000004,75.8
22.1,71.2,7.3,1573.5200000000002,39.25,100.0
9.1,86.0,7.3,782.6,46.65,72.4
4.5,100.0,6.0,450.0,53.0,49.8
14.4,81.4,6.9,1172.16,44.150000000000006,81.5
14.4,91.5,5.9,1317.6000000000001,48.7,94.0
18.8,84.0,5.9,1579.2,44.95,100.0
21.6,72.3,9.3,1561.68,40.8,100.0
14.6,93.2,3.7,1360.72,48.45,90.4
28.0,85.1,5.7,2382.7999999999997,45.4,100.0
16.6,75.9,8.1,1259.9400000000003,42.0,93.7
12.6,90.7,5.6,1142.82,48.15,81.5
3.7,91.9,7.0,340.03000000000003,49.45,60.8
13.2,85.8,2.9,1132.56,44.35,80.7
12.6,91.2,6.8,1149.12,49.0,69.8
21.7,73.4,0.6,1592.78,37.0,100.0
18.2,91.0,7.3,1656.2,49.15,91.4
6.7,81.6,7.5,546.72,44.55,81.1
16.2,85.3,8.5,1381.86,46.9,91.5
19.7,72.6,6.9,1430.2199999999998,39.75,100.0
25.7,71.1,7.5,1827.2699999999998,39.3,100.0
21.2,84.5,5.2,1791.3999999999999,44.85,100.0
20.3,82.4,5.6,1672.7200000000003,44.0,92.5
15.4,79.5,9.5,1224.3,44.5,88.2
17.7,77.4,6.2,1369.98,41.800000000000004,87.6
23.7,83.8,3.9,1986.06,43.85,100.0
5.7,70.0,5.6,399.0,37.8,61.2
12.6,83.1,8.1,1047.06,45.599999999999994,100.0
9.6,100.0,8.3,960.0,54.15,63.2
17.7,70.0,5.8,1239.0,37.9,100.0
23.6,78.6,6.4,1854.96,42.5,96.8
10.8,100.0,3.0,1080.0,51.5,95.6
0.0,83.9,6.7,0.0,45.300000000000004,63.7
12.1,67.9,5.4,821.59,36.650000000000006,81.0
21.4,76.6,7.2,1639.2399999999998,41.9,100.0
18.8,75.0,6.5,1410.0,40.75,97.3
18.0,75.2,5.9,1353.6000000000001,40.550000000000004,98.6
13.0,95.2,6.8,1237.6000000000001,51.0,81.3
6.0,69.3,5.8,415.79999999999995,37.55,52.8
18.6,95.2,5.1,1770.7200000000003,50.15,88.0
9.2,77.2,7.1,710.24,42.15,46.8
30.3,53.2,5.6,1611.96,29.400000000000002,100.0
19.0,88.8,9.4,1687.2,49.1,100.0
10.9,74.3,7.0,809.87,40.65,83.2
10.7,82.8,9.4,885.9599999999999,46.1,93.0
14.3,95.9,6.9,1371.3700000000001,51.400000000000006,85.9
13.3,74.7,6.1,993.5100000000001,40.4,75.0
22.8,77.1,1.6,1757.8799999999999,39.349999999999994,100.0
16.3,84.0,4.8,1369.2,44.4,85.2
9.9,82.4,3.2,815.7600000000001,42.800000000000004,78.6
28.2,99.1,8.0,2794.62,53.55,100.0
15.3,83.5,4.9,1277.55,44.2,94.9
20.4,84.5,4.7,1723.8,44.6,96.2
10.7,73.8,4.0,789.66,38.9,80.3
17.5,80.7,5.1,1412.25,42.9,100.0
17.2,100.0,5.4,1720.0,52.7,82.9
1.8,85.4,5.6,153.72000000000003,45.5,53.2
29.1,71.3,9.6,2074.83,40.449999999999996,100.0
24.0,100.0,7.5,2400.0,53.75,100.0
12.2,90.0,7.9,1098.0,48.95,88.9
7.3,100.0,6.2,730.0,53.1,58.0
17.4,77.2,2.6,1343.28,39.9,100.0
15.6,92.3,4.7,1439.8799999999999,48.5,86.8
17.5,82.5,5.9,1443.75,44.2,78.7
16.3,82.5,3.3,1344.75,42.9,100.0
18.5,100.0,5.6,1850.0,52.8,92.2
25.1,100.0,4.6,2510.0,52.3,100.0
19.0,84.6,5.8,1607.3999999999999,45.199999999999996,98.4
7.7,78.2,2.3,602.14,40.25,62.4
24.5,73.0,9.9,1788.5,41.45,100.0
26.5,71.8,10.0,1902.6999999999998,40.9,100.0
37.1,79.8,3.4,2960.58,41.6,100.0
7.1,87.2,7.3,619.12,47.25,95.0
16.7,84.1,6.7,1404.4699999999998,45.4,88.4
0.4,79.5,4.0,31.8,41.75,45.9
18.9,66.3,7.8,1253.07,37.05,100.0
11.2,92.3,4.7,1033.76,48.5,90.8
28.5,81.6,4.2,2325.6,42.9,100.0
9.6,90.8,4.4,871.68,47.6,76.5
3.2,99.4,6.9,318.08000000000004,53.150000000000006,44.9
11.7,88.2,10.0,1031.94,49.1,86.6
1.2,52.6,2.6,63.12,27.6,64.1
20.3,83.5,9.7,1695.05,46.6,96.7
0.5,68.5,6.1,34.25,37.3,32.6
15.2,82.5,4.9,1254.0,43.7,100.0
0.5,93.4,6.1,46.7,49.75,48.8
12.8,97.4,7.0,1246.7200000000003,52.2,92.0
26.5,100.0,5.7,2650.0,52.85,100.0
17.5,98.1,5.7,1716.75,51.9,92.6
9.0,87.7,2.5,789.3000000000001,45.1,67.8
14.8,100.0,7.5,1480.0,53.75,75.5
15.1,67.2,10.0,1014.72,38.6,81.3
18.3,89.1,5.0,1630.53,47.05,88.3
5.4,79.4,5.3,428.76000000000005,42.35,59.9
19.1,94.8,5.5,1810.68,50.15,100.0
0.0,80.0,3.2,0.0,41.6,50.7
10.6,79.8,5.6,845.88,42.699999999999996,84.1
11.6,68.6,6.8,795.7599999999999,37.699999999999996,94.1
19.4,88.9,6.7,1724.66,47.800000000000004,100.0
15.2,93.4,8.7,1419.68,51.050000000000004,79.1
5.2,90.2,5.0,469.04,47.6,54.8
8.1,85.6,5.5,693.3599999999999,45.55,76.0
16.4,82.5,2.9,1352.9999999999998,42.7,90.9
14.4,74.9,7.8,1078.5600000000002,41.35,98.0
10.9,80.5,7.1,877.45,43.8,67.4
11.6,69.1,6.8,801.56,37.949999999999996,87.1
19.9,76.4,5.2,1520.36,40.800000000000004,100.0
11.4,82.8,4.9,943.92,43.85,77.0
14.4,92.2,2.8,1327.68,47.5,84.9
30.2,91.5,1.5,2763.2999999999997,46.5,100.0
5.0,100.0,6.5,500.0,53.25,58.4
2.0,90.9,7.3,181.8,49.1,39.7
20.5,76.8,4.6,1574.3999999999999,40.699999999999996,100.0
10.2,85.9,6.0,876.18,45.95,83.4
12.8,88.0,5.8,1126.4,46.9,62.7
9.5,80.7,10.0,766.65,45.35,100.0
13.2,78.7,9.0,1038.84,43.85,74.6
26.2,83.6,5.2,2190.3199999999997,44.4,100.0
20.6,83.7,3.8,1724.2200000000003,43.75,100.0
21.0,77.2,4.2,1621.2,40.7,100.0
5.1,94.6,5.6,482.4599999999999,50.099999999999994,64.1
6.9,94.4,6.4,651.3600000000001,50.400000000000006,73.3
0.0,92.8,6.3,0.0,49.55,67.6
9.3,75.5,2.4,702.1500000000001,38.95,73.3
21.7,86.1,5.9,1868.37,46.0,100.0
18.6,72.9,8.6,1355.9400000000003,40.75,100.0
13.4,100.0,5.3,1340.0,52.65,71.3
14.8,81.0,6.1,1198.8,43.55,84.4
10.2,90.9,4.7,927.18,47.800000000000004,62.6
16.4,97.3,4.5,1595.7199999999998,50.9,95.1
20.4,85.3,3.8,1740.12,44.55,100.0
3.7,98.2,6.7,363.34000000000003,52.45,46.8
17.1,86.0,8.5,1470.6000000000001,47.25,80.0
21.5,80.0,3.8,1720.0,41.9,100.0
12.1,71.4,8.7,863.94,40.050000000000004,75.0
19.9,100.0,8.2,1989.9999999999998,54.1,100.0
34.7,90.9,3.4,3154.2300000000005,47.150000000000006,100.0
14.3,100.0,8.1,1430.0,54.05,85.3
17.8,87.5,6.7,1557.5,47.1,99.1
9.8,87.1,4.6,853.58,45.849999999999994,70.7
16.3,94.7,5.3,1543.6100000000001,50.0,79.4
18.2,73.6,1.8,1339.5199999999998,37.699999999999996,92.1
16.4,88.2,5.4,1446.48,46.800000000000004,83.4
7.9,99.7,4.1,787.6300000000001,51.9,87.1
16.4,79.8,7.2,1308.7199999999998,43.5,85.7
25.2,86.5,4.5,2179.7999999999997,45.5,100.0
18.1,75.7,6.2,1370.17,40.95,100.0
21.7,74.4,8.4,1614.48,41.400000000000006,100.0
13.3,61.6,6.2,819.2800000000001,33.9,82.2
20.2,83.9,1.5,1694.78,42.7,94.4
17.0,92.2,5.6,1567.4,48.9,100.0
8.3,72.3,5.5,600.09,38.9,67.9
17.2,88.4,8.9,1520.48,48.650000000000006,82.1
8.1,72.5,4.0,587.25,38.25,81.2
10.6,71.2,2.8,754.72,37.0,63.7
16.3,85.2,5.6,1388.7600000000002,45.4,100.0
17.1,100.0,5.9,1710.0000000000002,52.95,100.0
6.7,90.4,5.4,605.6800000000001,47.900000000000006,78.6
22.4,89.6,3.5,2007.0399999999997,46.55,100.0
19.0,80.9,4.8,1537.1000000000001,42.85,89.2
10.1,76.5,6.8,772.65,41.65,73.1
4.2,74.5,6.4,312.90000000000003,40.45,71.0
14.0,90.0,5.7,1260.0,47.85,91.1
11.9,83.3,6.2,991.27,44.75,89.2
15.8,86.2,6.9,1361.96,46.550000000000004,87.6
12.5,81.9,3.5,1023.7500000000001,42.7,80.1
0.9,73.1,7.7,65.78999999999999,40.4,48.3
12.3,90.4,5.7,1111.92,48.050000000000004,98.9
12.9,83.4,6.2,1075.8600000000001,44.800000000000004,82.3
19.4,80.5,6.6,1561.6999999999998,43.55,96.7
10.1,89.4,7.1,902.94,48.25,63.1
26.8,100.0,4.6,2680.0,52.3,100.0
1.6,76.6,5.3,122.56,40.949999999999996,61.9
24.2,83.0,7.0,2008.6,45.0,100.0
13.4,86.6,7.3,1160.44,46.949999999999996,86.4
21.0,78.7,4.4,1652.7,41.550000000000004,100.0
15.6,86.9,2.9,1355.64,44.900000000000006,98.0
23.0,97.1,4.6,2233.2999999999997,50.849999999999994,98.5
12.3,70.8,8.5,870.84,39.65,88.4
7.3,74.1,9.6,540.93,41.849999999999994,69.1
24.9,71.5,5.6,1780.35,38.55,100.0
14.2,100.0,3.6,1420.0,51.8,81.6
16.6,81.7,8.5,1356.2200000000003,45.1,82.5
23.6,81.3,4.8,1918.68,43.05,100.0
7.8,86.0,8.6,670.8,47.3,84.5
19.2,75.9,5.8,1457.28,40.85,96.0
10.9,85.8,8.5,935.22,47.15,79.5
14.1,85.7,4.7,1208.3700000000001,45.2,81.7
15.5,93.3,5.3,1446.1499999999999,49.3,72.7
4.5,85.9,6.8,386.55,46.35,50.4
9.5,83.2,1.9,790.4,42.550000000000004,81.6
24.5,80.0,5.2,1960.0,42.6,100.0
21.2,82.9,4.4,1757.48,43.650000000000006,93.5
14.6,100.0,8.2,1460.0,54.1,88.0
16.7,89.8,6.8,1499.6599999999999,48.3,94.3
12.9,65.5,6.2,844.95,35.85,79.7
24.5,86.7,4.9,2124.15,45.800000000000004,100.0
13.6,78.0,4.0,1060.8,41.0,83.1
16.6,64.0,4.2,1062.4,34.1,95.0
23.0,81.5,5.0,1874.5,43.25,100.0
9.6,75.8,6.7,727.68,41.25,100.0
25.9,89.0,10.0,2305.1,49.5,100.0
4.3,77.4,6.9,332.82,42.150000000000006,48.6
26.4,92.7,4.5,2447.2799999999997,48.6,100.0
12.4,81.7,10.0,1013.08,45.85,82.4
13.3,91.4,2.6,1215.6200000000001,47.0,84.8
1.8,84.8,7.0,152.64,45.9,44.7
11.8,100.0,7.8,1180.0,53.9,83.5
7.7,83.2,5.7,640.64,44.45,82.4
10.7,84.6,3.1,905.2199999999999,43.849999999999994,84.5
14.0,80.6,5.4,1128.3999999999999,43.0,79.4
21.7,76.0,7.9,1649.2,41.95,100.0
16.5,67.0,6.9,1105.5,36.95,95.9
17.2,88.6,9.0,1523.9199999999998,48.8,83.4
7.3,93.9,10.0,685.47,51.95,60.3
8.8,73.4,9.1,645.9200000000001,41.25,68.4
27.6,75.7,7.9,2089.32,41.800000000000004,100.0
9.9,80.2,3.0,793.98,41.6,59.0
26.6,73.1,8.6,1944.46,40.849999999999994,100.0
13.3,97.6,4.6,1298.08,51.099999999999994,84.5
15.0,99.0,8.2,1485.0,53.6,87.5
22.5,90.1,7.2,2027.2499999999998,48.65,100.0
23.9,87.7,3.1,2096.0299999999997,45.4,100.0
14.2,79.3,6.9,1126.06,43.1,83.3
12.3,73.4,3.9,902.8200000000002,38.650000000000006,78.7
14.6,76.3,4.3,1113.98,40.3,90.5
17.4,98.7,6.3,1717.3799999999999,52.5,92.1
21.2,74.6,4.1,1581.5199999999998,39.349999999999994,100.0
15.0,99.2,5.0,1488.0,52.1,94.4
19.3,100.0,6.5,1930.0,53.25,100.0
26.5,84.4,3.5,2236.6000000000004,43.95,100.0
17.7,78.2,9.4,1384.14,43.800000000000004,83.0
17.2,79.0,1.8,1358.8,40.4,87.3
4.4,75.3,9.2,331.32,42.25,70.7
0.0,77.6,7.6,0.0,42.599999999999994,32.1
17.7,73.3,6.6,1297.4099999999999,39.949999999999996,99.7
14.3,73.6,6.8,1052.48,40.199999999999996,81.8
11.4,91.6,2.1,1044.24,46.849999999999994,78.6
16.7,78.4,5.1,1309.28,41.75,100.0
14.6,65.1,7.4,950.4599999999999,36.25,89.7
22.9,92.2,5.9,2111.38,49.050000000000004,84.5
15.6,86.0,7.7,1341.6,46.85,98.7
9.8,83.9,6.9,822.2200000000001,45.400000000000006,84.5
21.9,100.0,8.4,2190.0,54.2,100.0
13.5,83.4,4.1,1125.9,43.75,90.8
18.7,95.0,8.8,1776.5,51.9,100.0
11.7,97.8,4.2,1144.26,51.0,77.7
10.5,86.0,2.5,903.0,44.25,75.4
15.6,81.7,4.9,1274.52,43.300000000000004,89.6
15.1,70.8,9.0,1069.08,39.9,95.4
18.4,100.0,3.8,1839.9999999999998,51.9,97.5
13.1,97.7,6.5,1279.87,52.1,88.6
2.1,85.2,6.3,178.92000000000002,45.75,57.7
12.0,84.7,5.7,1016.4000000000001,45.2,82.1
20.6,71.4,8.1,1470.8400000000001,39.75,100.0
12.9,79.0,5.5,1019.1,42.25,84.0
13.3,80.6,7.8,1071.98,44.199999999999996,75.5
21.9,85.0,3.6,1861.4999999999998,44.3,100.0
10.0,93.8,4.3,938.0,49.05,78.3
4.2,91.9,7.1,385.98,49.5,55.8
13.9,87.1,6.4,1210.69,46.75,85.5
11.6,100.0,1.9,1160.0,50.95,75.1
8.2,75.6,7.2,619.9199999999998,41.4,83.2
13.8,81.7,5.6,1127.46,43.65,83.0
18.4,90.7,7.8,1668.8799999999999,49.25,95.1
14.9,61.8,5.8,920.8199999999999,33.8,81.4
17.1,83.0,5.6,1419.3000000000002,44.3,98.8
27.7,75.5,6.0,2091.35,40.75,100.0
12.6,67.4,1.6,849.24,34.5,99.6
16.9,93.0,5.1,1571.6999999999998,49.05,77.4
11.4,100.0,4.5,1140.0,52.25,84.3
9.1,88.0,4.6,800.8,46.3,71.1
10.9,85.1,6.9,927.5899999999999,46.0,78.0
11.6,91.4,8.8,1060.24,50.1,82.7
17.5,77.2,5.2,1351.0,41.2,83.8
31.4,74.3,5.2,2333.02,39.75,100.0
10.0,79.4,8.2,794.0,43.800000000000004,71.7
12.1,98.2,6.6,1188.22,52.4,74.8
14.6,80.3,10.0,1172.3799999999999,45.15,79.9
17.8,84.5,6.2,1504.1000000000001,45.35,81.6
16.8,72.8,1.8,1223.04,37.3,76.7
24.0,77.5,7.4,1860.0,42.45,95.4
0.0,82.0,4.7,0.0,43.35,58.5
0.0,90.2,3.5,0.0,46.85,42.8
11.5,90.9,4.9,1045.3500000000001,47.900000000000006,78.7
22.7,92.6,3.6,2102.02,48.099999999999994,100.0
4.0,61.1,8.2,244.4,34.65,53.1
0.0,100.0,5.3,0.0,52.65,51.2
19.0,69.0,5.3,1311.0,37.15,100.0
16.7,72.0,8.0,1202.3999999999999,40.0,86.3
7.4,96.1,10.0,711.14,53.05,60.0
8.1,76.2,4.9,617.22,40.550000000000004,69.0
8.2,75.5,3.5,619.0999999999999,39.5,69.8
15.8,82.0,9.3,1295.6000000000001,45.65,94.2
10.6,87.7,4.6,929.62,46.15,76.3
18.5,90.3,4.6,1670.55,47.449999999999996,100.0
0.0,86.6,4.0,0.0,45.3,41.4
9.0,81.3,5.9,731.6999999999999,43.6,82.0
7.1,85.4,2.6,606.34,44.0,52.5
13.2,94.9,2.9,1252.68,48.900000000000006,78.2
11.2,84.6,3.8,947.5199999999999,44.199999999999996,79.7
20.6,84.3,4.1,1736.5800000000002,44.199999999999996,100.0
2.0,90.9,4.8,181.8,47.85,53.7
15.3,72.6,6.5,1110.78,39.55,91.9
18.9,83.4,4.6,1576.26,44.0,83.2
28.0,92.3,7.1,2584.4,49.699999999999996,100.0
11.6,85.0,5.4,986.0,45.2,73.4
17.3,75.4,4.3,1304.42,39.85,83.0
2.4,100.0,7.7,240.0,53.85,49.2
0.0,90.0,3.2,0.0,46.6,47.9
20.9,95.2,6.0,1989.6799999999998,50.6,99.1
15.0,89.6,6.3,1344.0,47.949999999999996,83.9
23.2,99.1,2.5,2299.12,50.8,78.8
5.4,75.3,6.2,406.62,40.75,68.5
18.6,80.6,5.1,1499.16,42.849999999999994,92.6
28.1,79.5,4.3,2233.9500000000003,41.9,100.0
17.9,83.9,7.9,1501.81,45.900000000000006,92.5
16.9,75.7,5.6,1279.33,40.65,80.2
15.1,74.4,9.9,1123.44,42.150000000000006,76.1
4.0,76.5,7.7,306.0,42.1,65.6
24.5,82.6,8.0,2023.6999999999998,45.3,100.0
10.7,99.8,7.3,1067.86,53.55,69.7
18.5,86.2,3.8,1594.7,45.0,95.7
4.1,66.2,7.4,271.42,36.800000000000004,54.7
6.7,68.9,8.5,461.63000000000005,38.7,80.7
25.0,87.5,6.4,2187.5,46.95,100.0
12.6,75.9,4.5,956.34,40.2,70.1
25.2,76.9,4.5,1937.88,40.7,100.0
14.5,80.3,4.1,1164.35,42.199999999999996,81.1
2.1,99.9,2.8,209.79000000000002,51.35,45.9
21.2,90.9,8.9,1927.0800000000002,49.900000000000006,93.1
10.9,93.0,5.1,1013.7,49.05,100.0
19.9,80.5,6.3,1601.9499999999998,43.4,100.0
15.2,77.1,5.8,1171.9199999999998,41.449999999999996,100.0
4.2,80.6,3.4,338.52,42.0,65.9
16.2,66.2,7.9,1072.44,37.050000000000004,92.7
30.4,100.0,6.9,3040.0,53.45,100.0
18.5,89.1,4.8,1648.35,46.949999999999996,100.0
14.6,81.8,2.0,1194.28,41.9,71.4
22.5,88.6,5.8,1993.4999999999998,47.199999999999996,100.0
16.5,73.6,4.2,1214.3999999999999,38.9,88.0
16.5,90.0,6.7,1485.0,48.35,94.6
7.4,84.9,8.4,628.2600000000001,46.650000000000006,57.6
16.6,86.4,8.3,1434.2400000000002,47.35,100.0
22.2,72.8,6.3,1616.1599999999999,39.55,100.0
9.1,96.7,5.5,879.97,51.1,85.3
25.0,76.8,6.9,1920.0,41.85,100.0
14.4,85.0,4.2,1224.0,44.6,100.0
8.8,80.5,7.6,708.4000000000001,44.05,69.7
22.0,99.4,3.4,2186.8,51.400000000000006,100.0
13.0,99.0,7.6,1287.0,53.3,96.7
20.3,90.6,7.0,1839.1799999999998,48.8,100.0
13.0,79.6,6.1,1034.8,42.849999999999994,78.1
14.6,91.7,9.5,1338.82,50.6,97.4
18.5,94.7,8.8,1751.95,51.75,89.2
17.0,92.8,5.5,1577.6,49.15,95.3
1.0,95.4,5.5,95.4,50.45,53.7
7.2,92.5,6.7,666.0,49.6,77.0
21.5,90.5,10.0,1945.75,50.25,100.0
14.1,77.0,5.4,1085.7,41.2,82.9
11.3,100.0,8.1,1130.0,54.05,85.8
5.5,86.2,8.8,474.1,47.5,62.4
7.4,71.4,4.4,528.36,37.900000000000006,67.0
0.8,97.3,6.1,77.84,51.699999999999996,77.1
14.3,76.7,9.3,1096.8100000000002,43.0,84.6
10.8,92.8,6.2,1002.24,49.5,58.4
8.2,100.0,5.6,819.9999999999999,52.8,70.3
14.5,80.3,4.1,1164.35,42.199999999999996,95.9
17.5,86.2,3.8,1508.5,45.0,100.0
29.7,77.5,6.4,2301.75,41.95,100.0
4.4,79.5,6.1,349.8,42.8,61.5
23.1,66.2,3.7,1529.2200000000003,34.95,100.0
21.8,87.3,5.6,1903.14,46.449999999999996,100.0
9.5,98.4,2.4,934.8000000000001,50.400000000000006,80.6
16.4,92.6,4.7,1518.6399999999999,48.65,89.9
11.8,80.9,4.3,954.6200000000001,42.6,77.5
16.3,90.8,10.0,1480.04,50.4,99.0
25.6,70.5,5.2,1804.8000000000002,37.85,100.0
19.2,93.5,3.9,1795.2,48.7,100.0
18.6,83.8,5.2,1558.68,44.5,100.0
12.0,79.4,3.2,952.8000000000001,41.300000000000004,75.6
4.6,68.2,3.6,313.71999999999997,35.9,65.0
13.5,85.9,4.7,1159.65,45.300000000000004,80.8
23.4,88.4,8.6,2068.56,48.5,100.0
4.3,98.4,5.7,423.12,52.050000000000004,60.6
7.6,86.5,7.0,657.4,46.75,68.7
15.9,82.4,3.5,1310.16,42.95,99.8
8.1,92.5,6.8,749.25,49.65,76.8
9.5,72.1,4.8,684.9499999999999,38.449999999999996,77.9
12.0,88.1,5.7,1057.1999999999998,46.9,76.4
5.4,83.3,9.1,449.82,46.199999999999996,52.4
8.2,77.6,6.3,636.3199999999999,41.949999999999996,71.6
19.9,93.5,6.6,1860.6499999999999,50.05,100.0
5.8,88.3,7.5,512.14,47.9,65.8
3.8,73.7,9.7,280.06,41.7,54.6
10.6,100.0,3.5,1060.0,51.75,78.0
20.1,73.5,5.7,1477.3500000000001,39.6,98.8
13.6,76.6,8.0,1041.76,42.3,82.4
11.7,84.5,3.9,988.65,44.2,78.2
15.3,70.4,4.4,1077.1200000000001,37.400000000000006,100.0
2.8,76.9,4.6,215.32,40.75,55.4
18.5,70.9,3.5,1311.65,37.2,100.0
17.7,96.8,5.0,1713.36,50.9,84.2
12.1,64.5,7.3,780.4499999999999,35.9,65.3
22.0,79.1,5.7,1740.1999999999998,42.4,100.0
7.1,80.8,5.2,573.68,43.0,84.3
22.9,91.8,4.7,2102.22,48.25,100.0
16.1,80.6,7.4,1297.66,44.0,97.8
12.6,98.2,7.0,1237.32,52.6,86.5
14.9,87.3,6.5,1300.77,46.9,88.8
14.2,82.8,4.3,1175.76,43.55,86.5
23.5,80.2,5.3,1884.7,42.75,100.0
7.5,77.7,2.7,582.75,40.2,81.5
9.7,78.3,8.1,759.5099999999999,43.199999999999996,81.7
22.3,73.0,6.8,1627.9,39.9,84.2
10.8,73.6,4.3,794.88,38.949999999999996,83.7
21.3,86.6,10.0,1844.58,48.3,88.9
26.9,91.2,4.9,2453.2799999999997,48.050000000000004,100.0
12.2,72.5,2.8,884.5,37.65,86.0
19.8,88.0,7.3,1742.4,47.65,82.8
6.9,90.4,8.2,623.7600000000001,49.300000000000004,60.0
20.3,86.0,5.2,1745.8,45.6,98.9
16.4,86.8,5.6,1423.5199999999998,46.199999999999996,96.0
18.3,63.5,5.8,1162.05,34.65,100.0
10.5,84.6,5.1,888.3,44.849999999999994,79.7
3.4,82.1,7.6,279.14,44.849999999999994,71.9
18.5,99.4,7.8,1838.9,53.6,93.8
0.6,69.7,9.6,41.82,39.65,62.7
12.8,80.6,6.9,1031.68,43.75,83.6
21.6,79.4,7.7,1715.0400000000002,43.550000000000004,100.0
16.3,91.3,5.6,1488.19,48.449999999999996,87.1
28.6,82.1,2.4,2348.06,42.25,100.0
22.2,81.3,7.6,1804.86,44.449999999999996,100.0
10.4,94.0,8.1,977.6,51.05,76.6
15.2,89.1,9.6,1354.32,49.349999999999994,79.9
14.7,79.5,7.9,1168.6499999999999,43.7,98.1
3.9,93.4,4.1,364.26,48.75,60.8
8.4,69.6,4.4,584.64,37.0,72.0
11.1,99.8,4.5,1107.78,52.15,83.5
0.7,93.3,5.9,65.30999999999999,49.6,54.2
15.3,89.9,3.6,1375.4700000000003,46.75,88.5
13.3,86.8,4.0,1154.44,45.4,99.2
3.3,90.6,5.8,298.97999999999996,48.199999999999996,47.2
17.8,84.5,5.3,1504.1000000000001,44.9,100.0
20.0,66.0,5.5,1320.0,35.75,100.0
16.6,100.0,3.7,1660.0000000000002,51.85,76.9
12.7,98.7,3.6,1253.49,51.15,93.6
19.1,69.1,6.4,1319.81,37.75,91.5
19.8,96.4,6.9,1908.7200000000003,51.650000000000006,100.0
17.2,80.6,8.6,1386.32,44.599999999999994,87.7
9.2,94.2,3.4,866.64,48.800000000000004,98.5
16.9,92.4,5.2,1561.56,48.800000000000004,93.0
23.4,82.9,10.0,1939.8600000000001,46.45,100.0
10.8,88.9,6.5,960.1200000000001,47.7,77.2
29.7,72.7,5.4,2159.19,39.050000000000004,100.0
11.3,99.0,7.9,1118.7,53.45,70.3
15.2,79.3,8.3,1205.36,43.8,85.8
10.3,83.0,7.8,854.9000000000001,45.4,47.8
16.6,78.7,5.1,1306.42,41.9,98.3
2.8,78.4,4.3,219.52,41.35,65.6
11.2,90.4,4.2,1012.48,47.300000000000004,90.6
7.4,81.2,5.8,600.88,43.5,68.2
15.9,73.6,8.9,1170.24,41.25,83.9
22.0,77.8,7.1,1711.6,42.449999999999996,100.0
19.5,76.8,7.8,1497.6,42.3,100.0
0.0,77.4,2.8,0.0,40.1,60.6
29.3,86.0,5.5,2519.8,45.75,100.0
17.1,95.4,8.0,1631.3400000000001,51.7,78.1
9.6,66.4,2.2,637.44,34.300000000000004,91.9
16.1,70.0,5.7,1127.0,37.85,84.0
16.2,91.4,10.0,1480.68,50.7,88.5
10.3,83.4,1.3,859.0200000000001,42.35,75.7
16.4,83.5,4.6,1369.3999999999999,44.05,83.5
10.7,91.6,5.9,980.1199999999999,48.75,81.3
12.2,81.5,8.1,994.3,44.8,81.4
10.2,87.1,9.3,888.4199999999998,48.199999999999996,84.3
5.0,100.0,3.9,500.0,51.95,41.7
16.0,78.5,4.4,1256.0,41.45,99.6
19.1,70.4,6.1,1344.64,38.25,100.0
18.6,92.5,6.6,1720.5000000000002,49.55,81.6
20.7,100.0,4.8,2070.0,52.4,92.7
17.3,87.9,5.4,1520.67,46.650000000000006,79.9
11.3,83.6,8.3,944.68,45.949999999999996,73.1
20.9,71.0,7.3,1483.8999999999999,39.15,100.0
5.5,83.4,6.9,458.70000000000005,45.150000000000006,54.9
8.7,71.3,5.7,620.31,38.5,80.9
8.3,100.0,5.4,830.0000000000001,52.7,55.1
22.6,100.0,5.8,2260.0,52.9,100.0
21.6,82.6,9.0,1784.16,45.8,74.3
18.4,73.4,7.2,1350.56,40.300000000000004,100.0
22.5,85.0,6.7,1912.5,45.85,100.0
8.8,68.1,8.5,599.28,38.3,83.4
17.4,94.4,6.9,1642.56,50.650000000000006,98.4
14.1,100.0,4.3,1410.0,52.15,99.5
20.9,93.2,4.0,1947.8799999999999,48.6,99.9
14.2,97.9,7.0,1390.18,52.45,76.3
12.3,88.8,5.0,1092.24,46.9,72.5
18.8,96.7,3.9,1817.96,50.300000000000004,96.1
21.1,82.0,7.9,1730.2,44.95,100.0
10.3,97.9,7.4,1008.3700000000001,52.650000000000006,71.6
14.6,93.1,7.1,1359.26,50.099999999999994,91.8
7.6,79.4,3.6,603.44,41.5,69.6
0.0,86.7,5.8,0.0,46.25,61.1
16.4,100.0,3.3,1639.9999999999998,51.65,96.5
19.3,83.6,3.3,1613.48,43.449999999999996,84.2
16.8,90.2,5.3,1515.3600000000001,47.75,100.0
1.4,70.3,9.3,98.41999999999999,39.8,59.9
12.5,78.5,7.6,981.25,43.05,71.4
0.0,86.5,4.4,0.0,45.45,53.1
24.6,73.5,4.6,1808.1000000000001,39.05,98.7
7.4,80.1,4.9,592.74,42.5,80.6
23.8,82.2,6.6,1956.3600000000001,44.4,100.0
21.6,68.6,9.2,1481.76,38.9,99.6
8.7,61.6,7.2,535.92,34.4,63.3
7.1,92.5,6.0,656.75,49.25,73.3
17.5,77.3,7.0,1352.75,42.15,90.4
9.1,81.2,2.2,738.92,41.7,76.5
15.7,80.8,4.1,1268.56,42.449999999999996,89.6
11.6,85.0,6.4,986.0,45.7,80.0
2.5,85.6,5.3,214.0,45.449999999999996,45.4
0.0,100.0,4.8,0.0,52.4,40.3
16.6,83.7,7.7,1389.42,45.7,92.3
11.1,96.2,9.3,1067.82,52.75,81.3
11.1,70.9,8.0,786.99,39.45,66.9
19.9,100.0,6.1,1989.9999999999998,53.05,87.7
23.2,75.5,7.2,1751.6,41.35,100.0
13.1,92.5,5.1,1211.75,48.8,79.2
12.6,84.2,8.5,1060.92,46.35,64.4
18.5,74.0,6.2,1369.0,40.1,93.4
5.5,75.7,4.2,416.35,39.95,51.5
16.6,85.9,7.3,1425.9400000000003,46.6,85.5
18.9,82.3,6.3,1555.4699999999998,44.3,87.6
19.8,79.1,5.7,1566.1799999999998,42.4,100.0
1.4,99.1,6.2,138.73999999999998,52.65,46.0
9.7,93.0,3.9,902.0999999999999,48.45,74.6
8.9,77.1,8.2,686.1899999999999,42.65,76.2
15.7,100.0,3.5,1570.0,51.75,85.5
18.4,60.9,5.0,1120.56,32.95,100.0
25.5,97.7,5.1,2491.35,51.4,100.0
11.5,100.0,4.3,1150.0,52.15,86.8
11.5,66.3,5.5,762.4499999999999,35.9,90.0
23.0,82.1,5.3,1888.3,43.699999999999996,100.0
17.1,89.9,5.9,1537.2900000000002,47.900000000000006,90.5
23.9,83.0,9.4,1983.6999999999998,46.2,100.0
17.0,91.7,6.4,1558.9,49.050000000000004,71.5
6.9,84.7,4.2,584.4300000000001,44.45,62.9
5.7,89.2,8.1,508.44000000000005,48.65,59.5
4.1,89.2,8.6,365.71999999999997,48.9,63.1
19.6,84.1,3.9,1648.36,44.0,87.7
23.3,81.7,6.0,1903.6100000000001,43.85,98.3
27.9,85.5,4.3,2385.45,44.9,100.0
20.9,75.6,9.0,1580.0399999999997,42.3,100.0
23.1,94.0,4.8,2171.4,49.4,96.7
10.9,89.2,5.9,972.2800000000001,47.550000000000004,75.0
6.9,98.7,6.5,681.0300000000001,52.6,77.3
21.0,93.2,9.3,1957.2,51.25,100.0
17.9,81.3,6.2,1455.2699999999998,43.75,92.4
15.8,82.1,6.0,1297.18,44.05,100.0
17.7,98.4,6.7,1741.68,52.550000000000004,74.8
17.3,75.9,4.2,1313.0700000000002,40.050000000000004,69.3
24.0,85.7,9.4,2056.8,47.550000000000004,100.0
24.1,89.8,7.8,2164.18,48.8,100.0
18.8,75.0,3.4,1410.0,39.2,99.8
20.9,74.3,3.8,1552.87,39.05,100.0
18.6,77.0,10.0,1432.2,43.5,96.1
11.8,77.7,5.1,916.8600000000001,41.4,71.2
20.3,92.3,8.3,1873.69,50.3,93.5
5.2,77.2,5.8,401.44000000000005,41.5,85.7
22.4,67.9,6.0,1520.96,36.95,100.0
6.6,85.3,3.4,562.9799999999999,44.35,58.9
17.0,100.0,2.3,1700.0,51.15,92.2
9.1,87.4,4.3,795.34,45.85,83.0
18.9,75.5,4.2,1426.9499999999998,39.85,86.5
14.8,84.7,8.0,1253.5600000000002,46.35,98.5
3.8,82.6,4.7,313.87999999999994,43.65,51.6
17.9,86.8,1.6,1553.7199999999998,44.199999999999996,98.5
11.0,97.6,4.9,1073.6,51.25,78.8
21.2,71.7,6.5,1520.04,39.1,88.4
15.0,81.4,4.8,1221.0,43.1,88.7
17.8,75.0,6.8,1335.0,40.9,85.7
8.3,87.9,8.3,729.5700000000002,48.1,78.7
10.9,100.0,8.9,1090.0,54.45,65.8
11.8,73.1,6.9,862.58,40.0,88.2
21.0,100.0,8.7,2100.0,54.35,100.0
26.7,83.7,4.6,2234.79,44.15,100.0
9.4,92.2,7.0,866.6800000000001,49.6,63.3
22.5,81.0,7.6,1822.5,44.3,99.6
0.0,99.2,5.0,0.0,52.1,46.6
6.6,74.9,7.3,494.34000000000003,41.1,67.4
8.3,97.9,6.4,812.5700000000002,52.150000000000006,71.9
5.5,82.1,5.4,451.54999999999995,43.75,75.3
3.9,84.5,6.8,329.55,45.65,56.2
17.9,95.0,1.5,1700.4999999999998,48.25,97.1
13.5,73.7,6.1,994.95,39.9,90.6
17.7,89.3,6.9,1580.61,48.1,100.0
19.8,85.8,8.1,1698.84,46.949999999999996,100.0
16.9,78.3,10.0,1323.2699999999998,44.15,83.4
19.6,80.2,6.0,1571.92,43.1,100.0
14.5,100.0,3.7,1450.0,51.85,91.3
6.7,82.9,6.5,555.4300000000001,44.7,76.1
22.4,73.2,6.8,1639.68,40.0,100.0
10.9,77.2,2.4,841.48,39.800000000000004,77.3
8.5,90.5,9.3,769.25,49.9,59.6
13.8,85.8,7.3,1184.04,46.55,75.4
8.6,100.0,3.8,860.0,51.9,65.5
12.1,72.1,6.0,872.4099999999999,39.05,97.5
17.4,77.2,3.2,1343.28,40.2,97.5
17.4,87.5,5.3,1522.4999999999998,46.4,100.0
8.7,78.1,10.0,679.4699999999999,44.05,77.5
11.6,77.5,5.2,899.0,41.35,74.9
22.5,100.0,5.5,2250.0,52.75,100.0
18.5,100.0,4.8,1850.0,52.4,100.0
29.5,91.9,6.7,2711.05,49.300000000000004,100.0
23.3,86.6,5.3,2017.78,45.949999999999996,100.0
23.0,97.5,7.6,2242.5,52.55,100.0
5.3,93.0,5.8,492.9,49.4,57.2
20.3,72.0,6.9,1461.6000000000001,39.45,92.7
14.6,77.2,10.0,1127.1200000000001,43.6,95.0
11.1,83.9,6.7,931.2900000000001,45.300000000000004,79.6
16.2,75.2,8.2,1218.24,41.7,100.0
21.6,80.6,6.0,1740.96,43.3,100.0
18.5,81.0,7.4,1498.5,44.2,87.5
8.9,69.9,6.6,622.1100000000001,38.25,75.1
20.2,72.5,3.8,1464.5,38.15,96.2
10.5,92.0,6.5,966.0,49.25,78.8
16.5,96.6,8.6,1593.8999999999999,52.599999999999994,79.4
12.9,77.9,7.7,1004.9100000000001,42.800000000000004,68.5
13.5,90.9,3.6,1227.15,47.25,74.0
20.4,81.1,7.0,1654.4399999999998,44.05,100.0
7.7,98.8,7.3,760.76,53.05,70.5
28.6,83.7,5.7,2393.82,44.7,100.0
2.3,70.5,6.0,162.14999999999998,38.25,69.5
10.8,100.0,6.0,1080.0,53.0,81.6
17.6,100.0,3.0,1760.0000000000002,51.5,92.2
19.1,92.2,4.6,1761.0200000000002,48.4,100.0
14.3,78.6,4.8,1123.98,41.699999999999996,95.6
14.6,91.1,6.9,1330.06,49.0,91.3
17.9,93.1,8.6,1666.4899999999998,50.849999999999994,85.3
13.4,70.8,4.6,948.72,37.699999999999996,78.6
24.8,91.7,8.8,2274.1600000000003,50.25,100.0
20.9,89.1,5.1,1862.1899999999998,47.099999999999994,100.0
21.1,93.1,5.2,1964.41,49.15,100.0
8.2,93.2,7.4,764.24,50.300000000000004,81.2
14.4,82.3,4.6,1185.12,43.449999999999996,82.3
12.9,88.2,6.3,1137.78,47.25,81.8
8.0,88.8,4.4,710.4,46.6,68.8
17.5,82.6,7.6,1445.5,45.099999999999994,95.3
11.2,100.0,10.0,1120.0,55.0,70.0
19.6,82.7,10.0,1620.92,46.35,98.6
7.5,98.1,4.6,735.75,51.349999999999994,70.6
27.0,78.6,5.4,2122.2,42.0,100.0
8.7,73.5,8.2,639.4499999999999,40.85,59.9
16.5,96.3,7.6,1588.95,51.949999999999996,96.2
20.5,92.2,6.8,1890.1000000000001,49.5,100.0
11.0,75.7,6.2,832.7,40.95,89.3
21.0,82.2,7.4,1726.2,44.800000000000004,100.0
6.4,87.0,6.1,556.8000000000001,46.55,62.1
25.2,100.0,8.2,2520.0,54.1,100.0
15.1,80.5,7.1,1215.55,43.8,100.0
10.8,58.1,4.1,627.48,31.1,94.5
12.9,76.5,9.1,986.85,42.8,78.1
20.7,86.4,7.7,1788.48,47.050000000000004,100.0
10.9,81.8,3.8,891.62,42.8,84.2
9.8,76.1,7.3,745.78,41.699999999999996,79.0
13.4,72.6,6.9,972.8399999999999,39.75,75.2
6.8,89.1,5.9,605.88,47.5,67.3
27.7,98.7,5.3,2733.99,52.0,100.0
11.0,86.4,2.0,950.4000000000001,44.2,71.8
20.8,77.4,5.2,1609.92,41.300000000000004,85.8
16.5,82.4,3.4,1359.6000000000001,42.900000000000006,95.3
8.1,92.5,1.1,749.25,46.8,58.7
15.0,80.3,5.9,1204.5,43.1,89.1
20.5,75.2,7.2,1541.6000000000001,41.2,97.0
13.7,93.2,7.1,1276.84,50.15,64.2
23.4,91.2,8.0,2134.08,49.6,100.0
22.2,89.4,5.9,1984.68,47.650000000000006,100.0
21.4,73.6,1.6,1575.0399999999997,37.599999999999994,91.4
11.8,84.6,3.6,998.28,44.099999999999994,78.0
7.4,74.1,3.4,548.34,38.75,62.2
10.7,81.9,4.2,876.33,43.050000000000004,77.2
16.4,81.9,9.3,1343.16,45.6,80.7
18.8,73.0,7.4,1372.4,40.2,86.1
0.0,94.0,4.9,0.0,49.45,38.4
14.9,84.3,8.4,1256.07,46.35,85.0
16.1,81.6,6.9,1313.76,44.25,61.6
13.1,93.9,5.8,1230.0900000000001,49.85,66.3
24.0,97.2,4.1,2332.8,50.65,94.5
18.0,89.1,3.7,1603.8,46.4,97.7
24.2,95.4,8.0,2308.6800000000003,51.7,100.0
13.5,84.3,5.8,1138.05,45.05,73.9
21.6,87.1,6.7,1881.36,46.9,100.0
26.4,91.2,2.5,2407.68,46.85,100.0
24.2,86.5,4.1,2093.2999999999997,45.3,100.0
7.4,90.2,7.3,667.48,48.75,56.6
13.2,90.5,8.2,1194.6,49.35,76.6
12.6,79.2,4.5,997.92,41.85,87.7
18.4,100.0,2.5,1839.9999999999998,51.25,100.0
19.8,99.5,8.1,1970.1000000000001,53.8,100.0
9.1,77.0,6.4,700.6999999999999,41.7,89.0
15.5,73.5,5.3,1139.25,39.4,100.0
0.9,81.0,4.7,72.9,42.85,59.3
25.1,79.0,5.1,1982.9,42.05,99.6
11.4,99.7,5.1,1136.5800000000002,52.4,88.3
15.4,86.9,7.7,1338.2600000000002,47.300000000000004,88.6
12.8,78.9,6.7,1009.9200000000001,42.800000000000004,81.4
23.0,93.1,7.1,2141.2999999999997,50.099999999999994,96.5
0.0,74.0,5.9,0.0,39.95,46.9
14.9,76.8,8.1,1144.32,42.449999999999996,81.6
14.3,100.0,9.3,1430.0,54.65,78.3
11.8,77.0,5.3,908.6,41.15,100.0
27.1,88.7,3.0,2403.77,45.85,100.0
8.8,77.8,10.0,684.64,43.9,68.3
20.4,97.9,5.4,1997.16,51.650000000000006,100.0
17.5,81.5,8.5,1426.25,45.0,96.0
23.8,76.3,4.1,1815.94,40.199999999999996,100.0
10.3,80.0,8.5,824.0,44.25,66.9
9.9,91.0,3.9,900.9,47.45,66.4
22.7,65.8,4.9,1493.6599999999999,35.35,100.0
18.0,100.0,8.7,1800.0,54.35,94.9
4.2,85.3,6.9,358.26,46.1,55.4
11.2,86.5,8.8,968.8,47.65,75.3
17.7,89.8,7.9,1589.4599999999998,48.85,99.0
20.9,66.3,4.0,1385.6699999999998,35.15,82.1
10.2,81.6,4.3,832.3199999999999,42.949999999999996,86.5
0.0,91.1,2.0,0.0,46.55,47.7
18.7,88.0,6.3,1645.6,47.15,78.5
6.5,89.0,3.1,578.5,46.05,55.4
0.9,96.7,7.5,87.03,52.1,38.6
0.0,69.3,6.9,0.0,38.1,50.1
20.7,80.1,2.7,1658.07,41.4,90.2
15.9,92.9,4.7,1477.1100000000001,48.800000000000004,68.2
13.4,80.6,10.0,1080.04,45.3,96.2
24.7,90.2,5.9,2227.94,48.050000000000004,100.0
19.5,75.9,5.4,1480.0500000000002,40.650000000000006,100.0
26.3,84.0,6.0,2209.2000000000003,45.0,100.0
5.3,74.7,5.8,395.91,40.25,39.9
14.8,79.7,5.8,1179.5600000000002,42.75,76.8
3.7,79.3,6.4,293.41,42.85,77.5
13.4,56.6,4.1,758.44,30.35,95.3
13.3,80.4,1.2,1069.3200000000002,40.800000000000004,91.6
19.4,77.6,5.7,1505.4399999999998,41.65,84.7
15.3,77.3,9.0,1182.69,43.15,97.4
19.4,84.6,5.3,1641.2399999999998,44.949999999999996,94.0
19.9,89.9,7.7,1789.01,48.800000000000004,100.0
30.1,86.5,5.7,2603.65,46.1,100.0
12.8,76.7,3.1,981.7600000000001,39.9,73.3
8.4,84.1,7.5,706.4399999999999,45.8,56.4
16.7,86.3,7.2,1441.2099999999998,46.75,97.1
9.4,74.3,4.6,698.42,39.449999999999996,85.6
25.4,93.1,4.7,2364.74,48.9,100.0
13.0,70.4,7.9,915.2,39.150000000000006,83.1
11.0,80.0,6.8,880.0,43.4,82.0
11.7,89.5,5.8,1047.1499999999999,47.65,69.0
20.0,81.9,5.9,1638.0,43.900000000000006,100.0
13.9,85.0,10.0,1181.5,47.5,84.1
10.5,80.9,8.4,849.45,44.650000000000006,84.0
26.7,76.6,6.1,2045.2199999999998,41.349999999999994,100.0
9.0,87.1,9.8,783.9,48.449999999999996,81.1
15.2,76.9,6.0,1168.88,41.45,96.4
19.6,77.8,8.6,1524.88,43.199999999999996,100.0
3.6,74.2,7.1,267.12,40.65,58.4
18.4,98.8,5.5,1817.9199999999998,52.15,93.7
7.6,77.9,7.0,592.04,42.45,78.6
20.8,86.4,6.6,1797.1200000000001,46.5,86.5
8.3,95.5,9.1,792.6500000000001,52.3,57.0
19.8,80.7,9.5,1597.8600000000001,45.1,91.9
22.7,77.5,4.9,1759.25,41.2,100.0
21.0,80.1,8.2,1682.1,44.15,100.0
16.8,86.2,8.3,1448.16,47.25,100.0
13.4,71.4,4.8,956.7600000000001,38.1,73.1
11.0,91.8,2.4,1009.8,47.1,66.0
25.3,78.6,4.9,1988.58,41.75,100.0
10.1,98.2,5.1,991.82,51.65,80.8
7.7,97.2,4.9,748.44,51.050000000000004,60.4
19.7,83.3,3.9,1641.01,43.6,100.0
9.4,78.6,6.3,738.8399999999999,42.449999999999996,75.7
8.3,87.5,9.6,726.2500000000001,48.55,54.8
4.9,88.7,3.4,434.63000000000005,46.050000000000004,53.4
11.6,94.6,6.1,1097.36,50.349999999999994,84.6
14.4,87.3,5.6,1257.12,46.449999999999996,85.3
16.7,78.8,5.5,1315.9599999999998,42.15,87.3
21.7,77.5,9.2,1681.75,43.35,100.0
18.7,87.7,6.2,1639.99,46.95,100.0
13.7,72.3,10.0,990.5099999999999,41.15,77.0
13.6,69.1,5.7,939.7599999999999,37.4,100.0
18.6,60.8,5.5,1130.88,33.15,100.0
23.9,82.0,4.7,1959.8,43.35,100.0
15.9,83.7,4.1,1330.8300000000002,43.9,97.2
11.7,81.5,4.8,953.55,43.15,83.9
8.0,86.0,5.9,688.0,45.95,67.3
4.9,91.2,6.4,446.88000000000005,48.800000000000004,72.3
19.7,82.0,2.0,1615.3999999999999,42.0,94.6
19.0,100.0,4.7,1900.0,52.35,90.8
19.0,90.2,6.1,1713.8,48.15,98.8
14.1,81.5,5.0,1149.1499999999999,43.25,77.9
24.8,85.2,7.1,2112.96,46.15,100.0
11.6,56.7,6.8,657.72,31.75,80.8
21.7,82.5,7.4,1790.25,44.95,100.0
14.7,79.3,3.4,1165.7099999999998,41.35,80.6
10.7,72.9,9.0,780.03,40.95,61.3
19.1,100.0,2.7,1910.0000000000002,51.35,93.5
17.9,83.2,8.4,1489.28,45.800000000000004,100.0
17.5,83.2,4.7,1456.0,43.95,100.0
15.6,90.6,1.8,1413.36,46.199999999999996,81.9
14.7,91.4,8.2,1343.58,49.800000000000004,86.4
31.7,100.0,7.7,3170.0,53.85,100.0
23.3,88.2,7.6,2055.06,47.9,100.0
20.1,85.1,2.5,1710.51,43.8,100.0
15.8,78.2,7.8,1235.5600000000002,43.0,84.3
22.1,67.6,7.5,1493.96,37.55,100.0
18.6,86.5,7.2,1608.9,46.85,86.6
15.2,69.2,7.5,1051.84,38.35,65.4
12.9,96.0,5.8,1238.4,50.9,81.5
14.4,86.1,6.5,1239.84,46.3,87.3
0.0,85.5,4.5,0.0,45.0,48.1
16.5,80.1,4.7,1321.6499999999999,42.4,99.5
11.6,76.0,8.6,881.6,42.3,75.2
26.1,87.2,7.0,2275.92,47.1,100.0
15.1,96.2,7.4,1452.6200000000001,51.800000000000004,86.8
6.7,71.4,6.5,478.38000000000005,38.95,94.1
14.7,75.9,10.0,1115.73,42.95,82.2
7.7,97.7,9.1,752.2900000000001,53.4,78.5
18.3,99.5,1.4,1820.8500000000001,50.45,91.5
17.0,88.7,5.0,1507.9,46.85,100.0
21.7,68.0,8.2,1475.6,38.1,100.0
9.5,87.1,7.7,827.4499999999999,47.4,92.9
15.2,97.7,5.6,1485.04,51.65,82.7
5.4,67.5,4.0,364.5,35.75,76.3
19.9,89.6,6.5,1783.0399999999997,48.05,100.0
18.6,82.6,8.9,1536.36,45.75,78.5
18.5,70.8,8.8,1309.8,39.8,93.0
15.0,77.6,5.1,1164.0,41.349999999999994,91.6
17.9,82.8,5.2,1482.12,44.0,89.6
26.2,80.8,5.1,2116.96,42.949999999999996,100.0
13.0,76.4,7.0,993.2,41.7,74.6
16.0,95.8,8.1,1532.8,51.949999999999996,89.3
7.4,76.8,7.8,568.32,42.3,42.8
8.9,83.8,4.7,745.82,44.25,78.9
15.7,77.8,3.1,1221.4599999999998,40.449999999999996,98.8
22.7,86.3,5.5,1959.0099999999998,45.9,95.3
13.2,89.7,5.1,1184.04,47.4,78.5
13.3,91.4,7.8,1215.6200000000001,49.6,79.1
12.2,83.0,6.6,1012.5999999999999,44.8,81.7
11.3,76.8,7.9,867.84,42.35,80.4
17.1,84.3,6.3,1441.53,45.3,90.0
4.5,78.9,9.8,355.05,44.35,65.5
24.0,97.2,9.4,2332.8,53.300000000000004,100.0
10.3,81.4,5.8,838.4200000000001,43.6,76.4
20.1,82.3,7.9,1654.23,45.1,100.0
6.1,80.2,6.8,489.21999999999997,43.5,62.5
19.7,69.4,4.9,1367.18,37.150000000000006,98.0
19.7,89.6,6.9,1765.12,48.25,94.5
17.7,100.0,8.5,1770.0,54.25,90.0
8.0,88.9,4.2,711.2,46.550000000000004,53.8
16.7,79.2,2.0,1322.64,40.6,96.2
6.7,95.4,5.6,639.1800000000001,50.5,54.8
13.2,82.0,4.4,1082.3999999999999,43.2,67.1
22.2,100.0,8.8,2220.0,54.4,100.0
20.6,91.3,6.3,1880.78,48.8,99.7
15.1,68.6,5.2,1035.86,36.9,78.5
8.2,92.9,4.3,761.78,48.6,70.3
19.5,100.0,5.2,1950.0,52.6,85.1
15.1,80.3,7.6,1212.53,43.949999999999996,99.7
0.0,90.8,4.7,0.0,47.75,45.4
20.5,84.9,6.5,1740.45,45.7,100.0
14.8,59.1,6.7,874.6800000000001,32.9,75.1
23.4,74.6,0.3,1745.6399999999999,37.449999999999996,100.0
7.3,80.5,3.8,587.65,42.15,68.3
0.0,89.7,4.9,0.0,47.300000000000004,49.4
17.0,72.9,4.2,1239.3000000000002,38.550000000000004,86.2
17.0,77.3,7.3,1314.1,42.3,100.0
3.2,63.0,4.3,201.60000000000002,33.65,73.3
8.2,81.4,5.8,667.48,43.6,72.8
34.3,86.5,3.6,2966.95,45.05,100.0
12.9,74.9,7.3,966.2100000000002,41.1,71.1
20.1,91.6,5.1,1841.16,48.349999999999994,96.3
10.4,89.0,6.7,925.6,47.85,80.9
0.4,80.9,7.6,32.36000000000001,44.25,60.3
13.8,73.8,7.6,1018.44,40.699999999999996,78.2
13.1,94.0,3.6,1231.3999999999999,48.8,79.0
12.2,75.8,6.0,924.7599999999999,40.9,80.7
14.2,84.6,3.7,1201.32,44.15,80.1
16.8,94.8,3.3,1592.64,49.05,94.1
13.9,68.0,6.3,945.2,37.15,87.6
6.2,84.6,7.0,524.52,45.8,60.1
18.4,69.3,4.3,1275.12,36.8,97.8
1.4,97.5,6.9,136.5,52.2,64.2
0.6,100.0,5.9,60.0,52.95,35.8
20.2,70.6,6.5,1426.12,38.55,100.0
18.5,89.4,5.9,1653.9,47.650000000000006,100.0
14.6,80.6,5.9,1176.76,43.25,70.6
5.2,71.5,4.6,371.8,38.05,70.3
10.0,84.0,3.1,840.0,43.55,81.0
13.2,72.7,10.0,959.64,41.35,70.2
3.8,95.3,3.5,362.14,49.4,63.3
9.8,98.0,8.7,960.4000000000001,53.35,57.6
19.6,96.5,4.6,1891.4,50.55,97.0
25.0,81.7,2.4,2042.5,42.050000000000004,100.0
12.1,97.9,2.8,1184.5900000000001,50.35,75.9
20.3,81.0,5.9,1644.3,43.45,97.7
1.6,86.7,6.1,138.72,46.4,55.0
19.6,70.8,7.6,1387.68,39.199999999999996,98.8
9.4,90.5,10.0,850.7,50.25,70.8
17.2,81.2,5.5,1396.64,43.35,91.4
13.3,76.2,4.5,1013.46,40.35,86.0
24.2,88.8,5.7,2148.96,47.25,100.0
8.9,82.8,7.7,736.92,45.25,71.4
19.4,96.8,5.9,1877.9199999999998,51.35,91.6
13.0,63.4,8.0,824.1999999999999,35.7,67.6
13.9,92.4,7.4,1284.3600000000001,49.900000000000006,80.3
13.7,65.3,5.8,894.6099999999999,35.55,73.3
9.1,90.8,2.9,826.28,46.85,79.3
14.9,81.3,5.8,1211.37,43.55,86.5
14.6,83.7,10.0,1222.02,46.85,88.0
16.7,100.0,8.6,1670.0,54.3,93.9
15.6,89.6,5.5,1397.76,47.55,80.9
20.6,83.4,8.5,1718.0400000000002,45.95,91.3
21.5,69.0,7.2,1483.5,38.1,100.0
7.6,93.6,3.4,711.3599999999999,48.5,80.9
21.1,90.1,4.6,1901.11,47.349999999999994,100.0
6.7,96.1,8.1,643.87,52.099999999999994,77.6
19.1,91.6,7.0,1749.56,49.3,92.9
19.3,90.5,6.7,1746.65,48.6,91.0
1.6,96.6,8.0,154.56,52.3,54.7
15.7,87.8,2.6,1378.4599999999998,45.199999999999996,93.3
11.7,76.3,7.0,892.7099999999999,41.65,77.0
9.7,75.6,7.9,733.3199999999999,41.75,77.0
24.5,67.6,7.1,1656.1999999999998,37.349999999999994,100.0
10.4,74.3,2.7,772.72,38.5,72.6
9.4,91.4,9.4,859.1600000000001,50.400000000000006,81.6
15.5,66.0,7.9,1023.0,36.95,75.0
19.8,78.7,6.6,1558.2600000000002,42.65,100.0
14.0,95.1,6.9,1331.3999999999999,51.0,91.6
23.2,100.0,4.7,2320.0,52.35,99.8
18.7,78.7,5.2,1471.69,41.95,85.3
0.0,81.7,9.8,0.0,45.75,48.4
11.3,86.6,7.3,978.58,46.949999999999996,83.7
11.1,98.2,6.9,1090.02,52.550000000000004,62.6
18.4,86.6,4.8,1593.4399999999998,45.699999999999996,100.0
0.0,83.4,8.7,0.0,46.050000000000004,49.9
32.8,81.4,4.1,2669.92,42.75,100.0
18.7,91.1,4.4,1703.57,47.75,98.5
16.0,89.9,6.6,1438.4,48.25,72.0
23.3,81.2,2.0,1891.96,41.6,100.0
31.4,94.5,4.8,2967.2999999999997,49.65,100.0
21.1,89.8,5.9,1894.78,47.85,98.8
21.6,80.0,6.8,1728.0,43.4,100.0
15.9,71.7,8.9,1140.03,40.300000000000004,84.9
14.0,100.0,8.8,1400.0,54.4,82.6
11.7,83.1,5.1,972.2699999999999,44.099999999999994,72.2
9.2,84.6,7.4,778.3199999999999,46.0,68.5
10.2,83.4,3.7,850.68,43.550000000000004,79.3
5.5,75.5,7.6,415.25,41.55,59.4
14.5,81.2,6.9,1177.4,44.050000000000004,93.4
3.2,95.3,7.0,304.96,51.15,56.0
16.3,94.4,5.0,1538.7200000000003,49.7,78.3
14.7,79.4,6.5,1167.18,42.95,96.4
16.0,78.5,6.8,1256.0,42.65,84.9
11.3,55.5,4.5,627.1500000000001,30.0,77.3
36.5,66.0,2.3,2409.0,34.15,100.0
24.5,86.3,3.5,2114.35,44.9,100.0
6.3,80.5,2.7,507.15,41.6,86.4
16.6,61.3,7.0,1017.58,34.15,91.4
10.7,76.3,7.2,816.41,41.75,71.9
7.9,100.0,4.9,790.0,52.45,66.5
5.6,87.9,2.7,492.24,45.300000000000004,66.5
18.0,73.4,8.4,1321.2,40.900000000000006,85.1
10.2,96.3,4.8,982.2599999999999,50.55,77.2
21.8,87.4,5.1,1905.3200000000002,46.25,100.0
22.0,88.4,7.2,1944.8000000000002,47.800000000000004,99.1
24.6,79.5,7.6,1955.7,43.55,100.0
9.0,100.0,3.8,900.0,51.9,84.3
18.3,77.3,4.9,1414.59,41.1,98.3
19.4,90.9,5.2,1763.46,48.050000000000004,99.8
11.7,86.2,2.9,1008.54,44.550000000000004,81.5
9.6,90.3,6.6,866.88,48.449999999999996,94.0
26.3,75.1,4.1,1975.1299999999999,39.599999999999994,100.0
16.6,77.2,2.0,1281.5200000000002,39.6,100.0
19.5,100.0,7.3,1950.0,53.65,97.0
9.2,68.5,3.8,630.1999999999999,36.15,63.5
6.5,78.6,6.7,510.9,42.65,64.3
11.0,100.0,5.6,1100.0,52.8,77.2
14.1,79.4,2.0,1119.54,40.7,60.0
7.6,86.4,5.3,656.64,45.85,64.9
14.9,71.8,7.7,1069.82,39.75,79.9
3.2,85.6,7.0,273.92,46.3,65.8
7.2,84.7,6.9,609.84,45.800000000000004,93.1
19.7,94.0,7.8,1851.8,50.9,100.0
19.2,66.3,6.7,1272.9599999999998,36.5,91.8
12.3,86.8,5.3,1067.64,46.05,84.0
7.9,91.9,5.6,726.0100000000001,48.75,74.1
7.8,100.0,4.9,780.0,52.45,62.4
12.4,82.8,7.4,1026.72,45.1,78.5
19.5,99.8,5.7,1946.1,52.75,90.8
21.5,81.9,5.1,1760.8500000000001,43.5,88.5
11.5,80.6,6.0,926.9,43.3,85.3
6.9,98.7,9.0,681.0300000000001,53.85,46.6
16.9,88.6,6.7,1497.3399999999997,47.65,87.8
9.2,100.0,4.6,919.9999999999999,52.3,75.5
11.4,70.1,5.7,799.14,37.9,87.9
24.3,89.9,7.5,2184.57,48.7,100.0
20.8,79.3,5.6,1649.44,42.449999999999996,85.4
16.1,85.7,6.4,1379.7700000000002,46.050000000000004,94.2
6.1,94.3,2.5,575.2299999999999,48.4,60.9
16.5,91.8,5.7,1514.7,48.75,100.0
22.4,84.3,5.0,1888.3199999999997,44.65,100.0
12.4,85.9,5.8,1065.16,45.85,85.3
24.5,100.0,6.6,2450.0,53.3,100.0
24.0,93.1,10.0,2234.3999999999996,51.55,100.0
26.6,91.9,7.0,2444.5400000000004,49.45,99.5
17.1,76.4,3.8,1306.4400000000003,40.1,77.5
19.1,82.0,5.9,1566.2,43.95,100.0
24.9,100.0,5.1,2490.0,52.55,100.0
18.1,86.7,4.1,1569.2700000000002,45.4,95.3
11.5,81.6,6.3,938.4,43.949999999999996,87.4
11.9,84.3,4.9,1003.17,44.6,67.6
16.7,91.8,9.2,1533.06,50.5,88.7
6.0,69.1,6.2,414.59999999999997,37.65,77.8
14.0,100.0,2.2,1400.0,51.1,100.0
22.7,94.0,4.3,2133.7999999999997,49.15,100.0
0.0,73.8,5.6,0.0,39.699999999999996,41.5
25.7,78.3,2.7,2012.31,40.5,100.0
22.9,100.0,5.1,2290.0,52.55,100.0
11.8,88.1,7.6,1039.58,47.849999999999994,90.0
18.8,97.5,7.8,1833.0,52.65,100.0
15.0,51.5,4.6,772.5,28.05,83.9
23.6,87.5,8.9,2065.0,48.2,100.0
21.9,83.7,7.3,1833.03,45.5,96.6
5.2,89.0,4.4,462.8,46.7,55.6
19.1,81.5,5.6,1556.65,43.55,100.0
13.6,76.1,4.2,1034.9599999999998,40.15,91.4
15.6,66.3,6.6,1034.28,36.449999999999996,85.7
9.9,87.7,6.9,868.23,47.300000000000004,72.4
27.2,73.4,8.5,1996.48,40.95,100.0
22.3,81.6,7.4,1819.6799999999998,44.5,100.0
9.8,99.8,7.5,978.0400000000001,53.65,78.3
5.7,89.3,4.7,509.01,47.0,64.2
12.3,82.7,6.3,1017.2100000000002,44.5,88.5
18.0,95.3,3.6,1715.3999999999999,49.449999999999996,91.9
16.7,90.5,5.7,1511.35,48.1,100.0
23.8,81.4,4.9,1937.3200000000002,43.150000000000006,100.0
20.5,72.2,5.6,1480.1000000000001,38.9,94.5
21.8,96.3,10.0,2099.34,53.15,100.0
17.3,78.4,6.6,1356.3200000000002,42.5,96.0
5.3,85.9,9.2,455.27000000000004,47.550000000000004,69.9
13.6,79.9,2.2,1086.64,41.050000000000004,93.9
22.4,87.3,2.9,1955.5199999999998,45.1,100.0
14.6,79.7,6.5,1163.6200000000001,43.1,88.6
18.5,78.6,1.6,1454.1,40.099999999999994,100.0
12.8,94.5,7.4,1209.6000000000001,50.95,82.4
7.8,82.0,8.9,639.6,45.45,81.5
14.1,81.2,6.3,1144.92,43.75,63.2
17.2,80.5,6.7,1384.6,43.6,100.0
10.4,100.0,6.5,1040.0,53.25,66.0
13.4,90.6,3.4,1214.04,47.0,73.1
8.4,78.7,7.5,661.08,43.1,67.5
22.8,96.6,5.0,2202.48,50.8,100.0
12.9,87.8,5.0,1132.62,46.4,83.3
25.2,82.7,5.4,2084.04,44.050000000000004,90.2
25.7,75.7,5.6,1945.49,40.65,100.0
14.4,78.2,4.2,1126.0800000000002,41.2,71.1
7.9,87.6,8.4,692.04,48.0,60.4
0.4,95.3,6.4,38.12,50.85,48.5
4.7,100.0,6.5,470.0,53.25,51.5
5.4,97.3,5.3,525.4200000000001,51.3,80.4
24.6,90.3,8.8,2221.38,49.55,100.0
15.8,68.1,6.8,1075.98,37.449999999999996,95.2
17.7,66.3,4.4,1173.51,35.35,96.7
0.0,93.9,3.8,0.0,48.85,70.5
6.6,77.1,10.0,508.85999999999996,43.55,64.8
21.2,77.2,4.4,1636.64,40.800000000000004,100.0
17.0,76.5,2.5,1300.5,39.5,100.0
14.0,87.8,4.4,1229.2,46.1,92.4
19.0,88.1,5.2,1673.8999999999999,46.65,96.1
26.5,99.7,6.8,2642.05,53.25,100.0
13.5,96.4,9.7,1301.4,53.050000000000004,95.6
15.5,80.4,5.4,1246.2,42.900000000000006,97.1
16.3,80.1,6.9,1305.6299999999999,43.5,94.9
31.7,99.6,1.9,3157.3199999999997,50.75,100.0
0.3,81.3,8.5,24.389999999999997,44.9,36.6
19.8,98.5,10.0,1950.3000000000002,54.25,89.6
14.2,83.9,5.4,1191.38,44.650000000000006,100.0
19.0,76.8,6.3,1459.2,41.55,100.0
10.4,78.8,5.4,819.52,42.1,84.2
14.7,73.2,7.3,1076.04,40.25,92.8
20.0,86.3,5.3,1726.0,45.8,100.0
36.8,80.4,6.5,2958.72,43.45,100.0
20.7,71.7,5.0,1484.19,38.35,88.0
9.1,90.7,6.9,825.37,48.800000000000004,89.1
12.0,84.3,6.4,1011.5999999999999,45.35,60.5
11.8,96.9,5.8,1143.42,51.35,81.4
2.4,96.2,3.2,230.88,49.7,41.1
12.7,72.4,5.5,919.48,38.95,75.3
20.1,87.3,4.8,1754.73,46.05,100.0
6.1,80.0,6.1,488.0,43.05,75.1
22.3,100.0,7.5,2230.0,53.75,93.5
18.4,82.3,6.9,1514.32,44.6,87.6
9.9,87.8,4.9,869.22,46.35,77.1
14.0,74.6,5.9,1044.3999999999999,40.25,100.0
